coverage_pct,vcd_p95_translation_mm,random_median_p95_translation_mm,random_p10_p95_translation_mm,random_p90_p95_translation_mm,oracle_p95_translation_mm,vcd_p95_rotation_deg
10.0,3.4006250135442677,8.605693145511587,6.553193104720079,16.663394413974608,1.0772642077794152,5.382640301938851
11.0,3.4821602887364067,8.417325536766235,6.521515291764211,17.210496052608384,1.0908728546700655,5.350129026476104
12.000000000000002,3.453040547596357,8.511783613832032,6.572527938550138,17.953889215917602,1.102551555041259,5.297632736956737
13.0,3.4180968582282976,8.710602915752675,6.68584655485897,17.446766046270607,1.131015053561329,5.2346371895334975
14.000000000000002,3.383153168860238,8.55491108475401,6.59887781964613,13.685441047201,1.1597583788877832,5.1716416421102585
15.000000000000002,3.2616729430547724,8.581764931391998,6.640289283858256,13.705500580415526,1.1736137378282507,5.106898844131919
16.0,3.1604394215502167,8.681186067372561,6.735351214472124,15.81990473181124,1.1877375790217972,5.052946512483302
17.0,3.0389591957447455,8.67772467533658,6.873564992964328,14.552666993876308,1.2086127401885345,4.9882037145049605
18.0,3.3224130559575022,8.70148782008707,7.239737647554299,13.55000869242784,1.2333818917977828,4.930080979020653
19.0,3.4472165993683475,8.79910285134891,7.264748465094151,14.09745397786713,1.2514326666560045,4.878578306030377
20.0,3.4180968582282976,8.838829232591536,7.34859984123927,14.742866771909437,1.2749531565051886,4.835659411871814
21.000000000000004,3.383153168860238,8.595899497371486,7.391233840214829,13.57622518027422,1.2975158088875884,4.7841567388815385
22.0,3.3555935328915787,8.728567495150935,7.4041099810137725,13.162215743025163,1.3110000709868517,4.747783300334315
23.0,3.328033896922921,8.803419214891969,7.522981410258926,13.054579544861202,1.3253326705327346,4.711409861787094
24.000000000000004,3.4006250135442686,8.834816245888147,7.494518225230799,13.409011322129144,1.347977903710992,4.681098662997743
25.0,3.3701493455736924,8.874869115724966,7.541964221965368,12.94614204044717,1.367259447168684,4.649923159938399
26.0,3.344141699000602,8.884752924811666,7.563086252053564,12.839256882118585,1.3855234650789536,4.7295965810607035
27.0,3.3224686601896942,8.884207283291298,7.661255138008644,13.093416764965035,1.3966620209258604,4.699285382271352
28.000000000000004,3.296461013616606,8.785425208484988,7.686167353728013,13.40144859463169,1.4358253961885192,4.662911943724132
29.000000000000004,3.489370148510302,8.91312958902364,7.771393059956228,13.032227022390519,1.4512606898880362,4.747783300334315
30.000000000000004,3.4791081636001677,8.917134641560077,7.771429541235609,12.776602431177107,1.4677761702969554,4.711409861787096
31.0,3.503532365438484,8.877666964402836,7.8788674053132395,13.021043082988072,1.4920874592050557,4.681098662997743
32.0,3.521733448189366,8.868306934065082,7.92204254326996,12.836432296867486,1.5236883395051135,4.649923159938399
33.0,3.513932984153273,8.884752924811666,7.903538912717079,12.601471493441714,1.547311734532747,4.7295965810607035
34.0,3.5600231728184895,8.867743604156917,7.947502570130124,12.407989507502375,1.5867638524868655,4.693223142513483
35.0,3.6631916506517213,8.785425208484988,7.931294358546401,12.170710020494496,1.6010814467652794,4.662911943724132
36.0,3.7783665518679452,8.810342461680891,7.961892412218294,12.20415313051158,1.6283357500188655,4.6369343761526665
37.0,3.9106257654838346,8.893094750027306,7.985197241797985,12.42417143479484,1.6447358696111865,4.610956808581201
38.0,3.871990334021743,8.846919712430214,8.053821318978036,12.23411130281805,1.6578081587477578,4.584979241009738
39.0,3.852308948967729,8.902516518417784,8.03658617017958,12.115548680430367,1.6649355834337582,4.597039579821494
40.0,3.929943481214882,8.884752924811666,8.064864073193172,12.044560566649718,1.6958493782687525,4.589726805232466
41.0,3.8913080497527903,8.867743604156917,8.090455142520758,12.211502779222188,1.730826027909184,4.58241403064344
42.00000000000001,3.9814573898310077,8.940074623906545,8.074100696674918,12.057608450327638,1.7561711050946658,4.599477171351169
43.00000000000001,3.9492611969459297,8.91184230199167,8.099758763860681,12.061430639644378,1.7755018724097567,4.5933831925269795
44.00000000000001,3.9106257654838346,8.917134641560068,8.112310504114129,12.110890363560507,1.8083860723312146,4.586070417937952
45.00000000000001,4.005508879680558,8.846919712430214,8.104155650752736,12.080980535093515,1.8907988719608333,4.651233745949195
46.0,3.96213967409996,8.891996744555636,8.131934664855686,12.017402024497004,1.909097060156539,4.660316788663034
47.0,3.929943481214882,8.881239108962149,8.131450897369309,11.950391314779287,1.9487983092270778,4.7295965810607035
48.0,4.03192725658936,8.867743604156917,8.175110508761167,11.914483387126008,1.9796259239872032,4.788977813620294
49.0,3.9820142787514534,8.77594892292931,8.168224150630405,12.03473457371271,2.0341259237678906,4.802476822888807
50.0,4.110782342198352,8.854984588657619,8.14638438879213,11.99059774060992,2.049471359204255,4.797655748150052
51.0,4.192181894264351,8.875379148829484,8.176507355295536,11.910184888948654,2.082822419944883,4.808872397297511
52.0,4.248030890604061,8.851966445577286,8.182463237773304,11.839741980109716,2.1282211563110596,4.824982615655408
53.0,4.2203446473953425,8.891996744555646,8.161687852032095,11.809782329742617,2.1424706935521725,4.8143037567584654
54.0,4.202742926688474,8.884752924811671,8.177904201829906,11.950391314779294,2.174673077125173,4.847845132335143
55.00000000000001,4.181620861840232,8.830574170451662,8.203968680299287,11.869978463118029,2.202612504288587,4.835560228253676
56.00000000000001,4.163990566482121,8.945465557771794,8.181629125921555,11.731122944067028,2.258287137338337,4.864225004443764
57.00000000000001,4.322857657141822,8.902812509598334,8.238966982485323,11.30005408806742,2.337451101322444,4.886018669259925
57.99999999999999,4.42158944847454,8.857663547631661,8.282506421701951,11.087926948238758,2.373282993782962,4.953577148113645
59.0,4.482763621780457,8.846919712430196,8.280544256734387,11.829772037287388,2.418262876176438,4.9524495644125714
60.0,4.4510896288147475,8.929901886778346,8.25209134580509,11.515588516067265,2.4681151154284606,4.940989208173829
61.0,4.604592211053469,8.950061999828847,8.314593574441039,11.084519660067656,2.5443861319956564,5.008136924048403
62.0,4.589348943109712,8.867743604156917,8.313965974535847,10.725295613401327,2.5868069195990264,4.981984619782097
63.0,4.568692377356898,8.946490268087231,8.265215709124853,10.458833698360719,2.6160345679212895,4.955644384898947
64.0,4.613738171819723,8.902812509598334,8.384966738756226,11.01127582984148,2.743430617892318,5.023828306608183
65.0,4.639633364548051,8.900670962425679,8.361819160334077,10.868985232067809,2.820753483231781,4.992445541488616
66.0,4.654156856443682,8.980888829833779,8.443101419150732,10.53656546928856,2.839804369930344,5.066120629716928
67.0,4.645489301471424,8.929901886778335,8.411592025338866,10.293752336449137,2.8726198615773804,5.039519689167964
68.0,4.641585343522509,8.875723132418335,8.411638110094644,10.8159939424244,2.911680331696985,5.008136924048403
69.0,4.637681385573594,8.908414216375443,8.466205419984394,10.653450804068045,2.940767850985358,5.071799726852847
70.0,4.705708645330696,8.956991263958345,8.438217311921516,10.322833233942195,2.9694542190038278,5.055211071727751
71.0,4.687513896311749,8.966286037787132,8.509209698188881,10.063403237185417,3.0076839207905115,5.097355663964474
72.0,4.740907296863073,9.018058263539036,8.480540179385889,10.055592927952276,3.0832084407268376,5.130430878632422
73.0,4.7133362739808815,8.973454943092726,8.543270150857124,10.4379163760682,3.11791801813806,5.119117986039075
74.0,4.696611270821221,9.010938932412438,8.523544457590376,10.193118235563782,3.158179193917852,5.105874309668349
75.0,4.754692808304171,9.040359923762194,8.494874938787387,9.93368823880705,3.2214521983690156,5.163291894014133
76.0,4.72712178542198,8.995756603315884,8.54510819305137,9.674258242050273,3.2727262991458623,5.187870283755361
77.0,4.705708645330696,8.956991263958345,8.537879216991875,9.496258177732011,3.3166782795414766,5.170806667300646
78.0,4.806341869023043,8.999453037231998,8.517174547697278,10.063403237185417,3.3576905939149957,5.27182779277743
79.0,4.833905489180833,9.018058263539036,8.546946235245615,9.803973240428638,3.4472144017381474,5.287893766470006
80.0,4.81290907792953,8.973454943092726,8.555796411995194,9.544543243671859,3.498390160918034,5.296885043668828
81.0,4.943891498077407,8.929901886778335,8.55246036182835,9.481117978290737,3.5252622675398806,5.379410658638229
82.0,5.060810079624887,9.040359923762194,8.54878427743986,9.93368823880705,3.659094673148311,5.376707222517446
83.0,5.088771987010156,8.995756603315884,8.553305875574864,9.674258242050273,3.7716399171671395,5.3812957195458795
84.0,5.279955904166749,8.947961471565009,8.55368572329118,9.49121144458492,3.843604748566398,5.548636812849049
85.0,5.445190283042699,9.062661583985344,8.577264787835462,9.465977778849467,3.9688625984370094,5.648927673997533
86.0,5.461506653451129,9.018058263539036,8.569257029170126,9.435697379966925,4.257752022204906,5.683541905339504
87.0,6.058571135082846,8.973454943092726,8.556960505384883,9.544543243671859,4.466499657840781,5.788236316121669
88.0,6.178702376634357,9.077529357467451,8.585652394217117,9.47607124514365,4.644040720212903,5.8047235167703395
89.0,6.819368839360578,9.040359923762194,8.575405291062747,9.450837579408198,4.793076721477606,5.815558838438156
90.0,6.973531894721462,8.995756603315884,8.601013909500203,9.420557180525655,5.0498170089263485,5.8281445646384045
91.0,7.382472383745663,8.947961471565009,8.591800656109736,9.371803102260829,5.279955904166749,5.819516467015646
92.0,7.356188014338168,9.055227697244291,8.579504132324494,9.286101665231449,5.88650010338628,5.843421945595177
93.0,7.334284373165257,9.018058263539036,8.662233496261205,9.435697379966925,6.228961921102761,5.860452120215279
94.0,7.396977538196742,8.973454943092726,8.614405575320479,9.40541698108438,6.481436064397294,5.8750340293742465
95.0,7.369330199041918,9.077529357467451,8.738043780706612,9.328952383746147,6.640885309552564,5.870403303333806
96.0,7.796474505896271,9.032926037021133,8.681186067372549,9.243250946716751,6.892248625966932,5.894223851333445
97.0,8.067053517763254,8.995756603315877,8.821544378058315,9.171833082525605,7.553671617207895,5.882230212608945
98.0,8.06578767923488,9.099831017690601,8.766472637373633,9.099831017690601,8.06578767923488,5.915812401037546
99.0,8.504431445055054,9.0552276972443,8.893782717205008,9.0552276972443,8.504431445055054,6.36124482778581
100.0,9.018058263539045,9.018058263539045,9.018058263539045,9.018058263539045,9.018058263539045,6.860884643943775
