session_id,experiment_id,scenario_id,trial_id,event_id,condition_id,variant_id,variant_label,render_tick_count,reference_coverage,display_coverage,output_coverage,translation_error_mm_median,translation_error_mm_iqr,translation_error_mm_p95,rotation_error_deg_median,rotation_error_deg_iqr,rotation_error_deg_p95,candidate_arrival_p50_ms,candidate_arrival_p95_ms,candidate_processing_p50_ms,candidate_processing_p95_ms,observation_age_p50_ms,observation_age_p95_ms,smoothing_delay_p50_ms,smoothing_delay_p95_ms,visual_perception_hz,render_hz
20260717_203329_controller_right,exp1_system_characterization,static_head_motion,trial_001,,exp1_system_characterization/static_head_motion,Arrival-Hold,Arrival-Hold,1035,1.0,1.0,1.0,5.892079107736975,2.4984180535008207,9.080320344668067,3.2819020739309694,0.921667123871722,4.2477062384184885,166.84559999703197,195.22149999829708,75.23009999841452,90.15942000076176,47.75399999925867,98.30219999712425,47.75399999925867,98.30219999712425,9.662200445880814,64.91769440877175
20260717_203329_controller_right,exp1_system_characterization,static_head_motion,trial_001,,exp1_system_characterization/static_head_motion,Capture-Hold,Capture-Hold,1035,1.0,1.0,1.0,5.040691422478555,2.0422853903554072,7.663696751500191,3.3502378715181207,0.8826975339878973,4.1715172943207985,166.89449999830686,195.2625399993849,75.23009999841452,90.15942000076176,216.58600000228034,277.6834800024517,216.58600000228034,277.6834800024517,9.662200445880814,64.91769440877175
20260717_203329_controller_right,exp1_system_characterization,static_head_motion,trial_001,,exp1_system_characterization/static_head_motion,EgoAnchor,EgoAnchor,1035,1.0,1.0,1.0,5.982933756350954,2.2023687552910634,7.155202365780894,3.4086561851193444,0.29151944836878485,3.680874778400833,166.7368999987957,195.13937999872724,75.23009999841452,90.15942000076176,216.57620000041788,277.67591000083485,,,9.662200445880814,64.91769440877175
20260717_203329_controller_right,exp1_system_characterization,static_head_motion,trial_001,,exp1_system_characterization/static_head_motion,One-Euro Anchor,One-Euro Anchor,1035,1.0,1.0,1.0,4.954260519036424,1.8205986751293697,7.78227899533645,3.327597264178099,0.6347907371169139,3.748835188186208,166.9395999997505,195.2984599978663,75.23009999841452,90.15942000076176,216.58659999957308,277.6841200022318,216.58659999957308,277.6841200022318,9.662200445880814,64.91769440877175
20260717_203329_controller_right,exp1_system_characterization,static_head_motion,trial_001,event_001,exp1_system_characterization/static_head_motion,Arrival-Hold,Arrival-Hold,988,1.0,1.0,1.0,11.956629905299106,14.334379627869684,33.59964860583734,3.1718854842668307,2.3902568905497277,7.828571963432489,166.71949999727076,208.5782800000743,74.98919999971986,86.4023799970746,42.7104500013229,99.12914499582257,42.7104500013229,99.12914499582257,9.663731208708738,62.43472068828459
20260717_203329_controller_right,exp1_system_characterization,static_head_motion,trial_001,event_001,exp1_system_characterization/static_head_motion,Capture-Hold,Capture-Hold,988,1.0,1.0,1.0,5.182864398810529,4.179805706113077,10.052475153085565,3.0696817349666548,2.104027701250179,6.521281320762965,166.7511999985436,208.60951999929966,74.98919999971986,86.4023799970746,216.6801499952271,278.1661150031141,216.6801499952271,278.1661150031141,9.663731208708738,62.43472068828459
20260717_203329_controller_right,exp1_system_characterization,static_head_motion,trial_001,event_001,exp1_system_characterization/static_head_motion,EgoAnchor,EgoAnchor,988,1.0,1.0,1.0,3.6882125673198463,0.3770583064071391,6.460055436376794,2.8870613702715966,0.29263750974056313,3.5033518798188186,166.63929999776883,208.485220001603,74.98919999971986,86.4023799970746,216.67094999793335,278.15660500091326,276.5538841485977,283.64588767290115,9.663731208708738,62.43472068828459
20260717_203329_controller_right,exp1_system_characterization,static_head_motion,trial_001,event_001,exp1_system_characterization/static_head_motion,One-Euro Anchor,One-Euro Anchor,988,1.0,1.0,1.0,4.770834984740274,3.6858818418656107,9.121869916051915,2.910812767291267,1.9922333227203803,5.417854836304623,166.7779999988852,208.63949999766191,74.98919999971986,86.4023799970746,216.68085000055726,278.16668000014033,216.68085000055726,278.16668000014033,9.663731208708738,62.43472068828459
20260717_203329_controller_right,exp1_system_characterization,static_head_motion,trial_001,event_002,exp1_system_characterization/static_head_motion,Arrival-Hold,Arrival-Hold,1120,1.0,1.0,1.0,9.483922399506836,10.48307631550654,27.76968600563287,2.975547712121113,1.415221740982593,5.559970041191362,167.57199999847217,223.1355599971721,74.96040000021458,83.46844000145794,43.07234999942011,97.26934000391338,43.07234999942011,97.26934000391338,9.67879228260262,64.12494413566829
20260717_203329_controller_right,exp1_system_characterization,static_head_motion,trial_001,event_002,exp1_system_characterization/static_head_motion,Capture-Hold,Capture-Hold,1120,1.0,1.0,1.0,4.364908219233289,2.5675407943416504,6.936400010806689,2.7627688298573356,0.9618315225599297,4.2420323926448305,167.608099996869,223.1714799971087,74.96040000021458,83.46844000145794,223.01964999860502,298.6417550018814,223.01964999860502,298.6417550018814,9.67879228260262,64.12494413566829
20260717_203329_controller_right,exp1_system_characterization,static_head_motion,trial_001,event_002,exp1_system_characterization/static_head_motion,EgoAnchor,EgoAnchor,1120,1.0,1.0,1.0,2.332678543957942,0.2500955858208713,2.7938745440506185,2.629617381417243,0.13849060391329004,2.974718974765411,167.484700003115,223.05304000037722,74.96040000021458,83.46844000145794,223.01119999974617,298.6335049972695,,,9.67879228260262,64.12494413566829
20260717_203329_controller_right,exp1_system_characterization,static_head_motion,trial_001,event_002,exp1_system_characterization/static_head_motion,One-Euro Anchor,One-Euro Anchor,1120,1.0,1.0,1.0,3.8950332640662806,2.2191682096033927,6.307123859343195,2.7979467179800177,0.6958494588233055,3.7613385187313497,167.64010000042617,223.19995999714592,74.96040000021458,83.46844000145794,223.02030000355444,298.6423599992122,223.02030000355444,298.6423599992122,9.67879228260262,64.12494413566829
20260717_203329_controller_right,exp1_system_characterization,static_head_motion,trial_001,event_003,exp1_system_characterization/static_head_motion,Arrival-Hold,Arrival-Hold,1294,1.0,1.0,1.0,8.514007930469441,6.745209365640122,16.539650495993637,2.64954589270765,1.0136025658464427,4.118632448821765,166.61260000546463,207.96770000451943,74.38229999691248,85.92879999950527,48.65530000097351,97.68918999652668,48.65530000097351,97.68918999652668,9.720626756850736,65.06950963558134
20260717_203329_controller_right,exp1_system_characterization,static_head_motion,trial_001,event_003,exp1_system_characterization/static_head_motion,Capture-Hold,Capture-Hold,1294,1.0,1.0,1.0,4.049691472151055,3.4226838816220546,8.821429824936253,2.6869690612614914,0.9943451882504832,4.072340906643936,166.64310000487603,207.99928000196815,74.38229999691248,85.92879999950527,216.409950000525,277.2918849990674,216.409950000525,277.2918849990674,9.720626756850736,65.06950963558134
20260717_203329_controller_right,exp1_system_characterization,static_head_motion,trial_001,event_003,exp1_system_characterization/static_head_motion,EgoAnchor,EgoAnchor,1294,1.0,1.0,1.0,2.8014793066304957,0.5240952851733471,3.4967309517041376,2.5615768404966395,0.09224654543638833,2.7356922916684496,166.5221999937785,207.88351999945007,74.38229999691248,85.92879999950527,216.40069999921252,277.2833599970909,,,9.720626756850736,65.06950963558134
20260717_203329_controller_right,exp1_system_characterization,static_head_motion,trial_001,event_003,exp1_system_characterization/static_head_motion,One-Euro Anchor,One-Euro Anchor,1294,1.0,1.0,1.0,3.66666504961224,3.440384376215973,8.543970550772336,2.5999162339859168,0.6619283437299996,3.543936270433106,166.67379999853438,208.02844000136247,74.38229999691248,85.92879999950527,216.4136999999755,277.2925149965886,216.4136999999755,277.2925149965886,9.720626756850736,65.06950963558134
20260717_203329_controller_right,exp1_system_characterization,static_head_motion,trial_001,event_004,exp1_system_characterization/static_head_motion,Arrival-Hold,Arrival-Hold,1297,1.0,1.0,1.0,7.7221030523758785,7.015567396918731,16.70448425213164,2.5893334781519655,1.1788281672651248,4.132403367904898,166.71280000446131,199.87717499898275,74.84614999778569,85.02461499962955,48.63479999767151,98.45968000154244,48.63479999767151,98.45968000154244,9.607169317747232,64.24865721545093
20260717_203329_controller_right,exp1_system_characterization,static_head_motion,trial_001,event_004,exp1_system_characterization/static_head_motion,Capture-Hold,Capture-Hold,1297,1.0,1.0,1.0,4.237233013473959,3.4613955273009056,8.325443131242098,2.482803023219871,1.1695137378225569,3.8558937715969424,166.7474999994738,199.91146500033204,74.84614999778569,85.02461499962955,216.43870000116294,277.69528000062564,216.43870000116294,277.69528000062564,9.607169317747232,64.24865721545093
20260717_203329_controller_right,exp1_system_characterization,static_head_motion,trial_001,event_004,exp1_system_characterization/static_head_motion,EgoAnchor,EgoAnchor,1297,1.0,1.0,1.0,3.2203591874877917,0.3323749368668598,3.8615412850934283,2.331507104859148,0.28215477356593377,2.5451917170143643,166.62970000106725,199.7861200012266,74.84614999778569,85.02461499962955,216.42879999853903,277.6869600013015,,,9.607169317747232,64.24865721545093
20260717_203329_controller_right,exp1_system_characterization,static_head_motion,trial_001,event_004,exp1_system_characterization/static_head_motion,One-Euro Anchor,One-Euro Anchor,1297,1.0,1.0,1.0,4.2032717009897365,2.715321509284476,8.001542881662074,2.435161620962001,0.8639380403492796,3.6378991899137416,166.77550000167685,199.95160999606009,74.84614999778569,85.02461499962955,216.43949999997858,277.6958799979184,216.43949999997858,277.6958799979184,9.607169317747232,64.24865721545093
20260717_203749_controller_right,exp1_system_characterization,start_stop_6dof,trial_001,,exp1_system_characterization/start_stop_6dof,Arrival-Hold,Arrival-Hold,577,1.0,1.0,1.0,4.168903077939556,1.0301371964745059,5.253636169638634,2.427065998751362,0.7142702070536497,4.099834308345123,167.0254999989993,207.71862000474357,74.26440000161529,82.47107999958098,42.692800001532305,97.3174800004926,42.692800001532305,97.3174800004926,9.900903013009883,64.6132979372178
20260717_203749_controller_right,exp1_system_characterization,start_stop_6dof,trial_001,,exp1_system_characterization/start_stop_6dof,Capture-Hold,Capture-Hold,577,1.0,1.0,1.0,4.105379780840208,1.0108702033880803,5.005530662829622,2.4541791168451366,0.7132356532956639,4.1132255428039,167.05729999375762,207.75722000253154,74.26440000161529,82.47107999958098,216.93609999783803,276.19825999863673,216.93609999783803,276.19825999863673,9.900903013009883,64.6132979372178
20260717_203749_controller_right,exp1_system_characterization,start_stop_6dof,trial_001,,exp1_system_characterization/start_stop_6dof,EgoAnchor,EgoAnchor,577,1.0,1.0,1.0,1.9585434900540368,1.6894292749765312,3.6186594795464138,3.2753232293533565,1.3163848793611042,4.2816576910179,166.91789999458706,207.63582000217866,74.26440000161529,82.47107999958098,216.92450000409735,276.18975999939715,,,9.900903013009883,64.6132979372178
20260717_203749_controller_right,exp1_system_characterization,start_stop_6dof,trial_001,,exp1_system_characterization/start_stop_6dof,One-Euro Anchor,One-Euro Anchor,577,1.0,1.0,1.0,3.9700370178387225,0.7330685514143607,4.70221739407557,2.4333126581428197,0.46270375236199923,3.9361092249636833,167.08319999452215,207.7877800045826,74.26440000161529,82.47107999958098,216.937199998938,276.1989799968432,216.937199998938,276.1989799968432,9.900903013009883,64.6132979372178
20260717_203749_controller_right,exp1_system_characterization,start_stop_6dof,trial_001,event_001,exp1_system_characterization/start_stop_6dof,Arrival-Hold,Arrival-Hold,1065,1.0,1.0,1.0,7.851598641318041,8.515719519136656,41.2374924963758,2.832601816610294,1.1059580675276814,4.652342300031057,166.9019000037224,209.27744000364328,73.75470000132918,85.33308000043034,48.9573000013479,98.76843999954872,48.9573000013479,98.76843999954872,9.543186857094241,66.62352417777322
20260717_203749_controller_right,exp1_system_characterization,start_stop_6dof,trial_001,event_001,exp1_system_characterization/start_stop_6dof,Capture-Hold,Capture-Hold,1065,1.0,1.0,1.0,7.777512868666692,10.71828514282121,48.71032588289601,2.953902534033176,1.1819286658551142,5.135878870197312,166.9365000052494,209.31216000317363,73.75470000132918,85.33308000043034,222.5334999966435,296.9160799984817,222.5334999966435,296.9160799984817,9.543186857094241,66.62352417777322
20260717_203749_controller_right,exp1_system_characterization,start_stop_6dof,trial_001,event_001,exp1_system_characterization/start_stop_6dof,EgoAnchor,EgoAnchor,1065,1.0,1.0,1.0,6.3507767938883095,24.193023236310893,58.167105370983464,2.990099446851695,1.1962598861133857,6.2660560960001925,166.78190000675386,209.1915400029393,73.75470000132918,85.33308000043034,222.52280000247993,296.9075599976346,288.13236951828003,309.9648356437683,9.543186857094241,66.62352417777322
20260717_203749_controller_right,exp1_system_characterization,start_stop_6dof,trial_001,event_001,exp1_system_characterization/start_stop_6dof,One-Euro Anchor,One-Euro Anchor,1065,1.0,1.0,1.0,7.788989391233295,18.315138498471498,70.9685550763805,2.9867177029039564,1.5894614358996102,6.739988818937507,166.97130000102334,209.34268000419252,73.75470000132918,85.33308000043034,222.5343999962206,296.9171199991248,222.5343999962206,296.9171199991248,9.543186857094241,66.62352417777322
20260717_203749_controller_right,exp1_system_characterization,start_stop_6dof,trial_001,event_002,exp1_system_characterization/start_stop_6dof,Arrival-Hold,Arrival-Hold,1313,1.0,1.0,1.0,10.72074242473409,2.198357179798778,31.563024545851885,3.396273146332968,5.7512855456676775,19.69054199032754,166.87660000025062,207.8070999981719,71.97060000151396,83.516360001266,43.343600002117455,96.29305999842471,43.343600002117455,96.29305999842471,9.933209206963665,68.99502073665428
20260717_203749_controller_right,exp1_system_characterization,start_stop_6dof,trial_001,event_002,exp1_system_characterization/start_stop_6dof,Capture-Hold,Capture-Hold,1313,1.0,1.0,1.0,10.726535104872056,2.2189154129044546,40.41600190354585,3.4420762014118993,5.6780505230663625,19.66629800630133,166.9079999992391,207.84261999942828,71.97060000151396,83.516360001266,216.59379999618977,277.4325999969733,216.59379999618977,277.4325999969733,9.933209206963665,68.99502073665428
20260717_203749_controller_right,exp1_system_characterization,start_stop_6dof,trial_001,event_002,exp1_system_characterization/start_stop_6dof,EgoAnchor,EgoAnchor,1313,1.0,1.0,1.0,9.65511245848759,3.6520584436531047,56.714265905122,5.150862638456543,7.337284452777114,33.91997399051149,166.79370000201743,207.71836000058101,71.97060000151396,83.516360001266,216.58390000084182,277.42381999560166,284.74386036396027,295.3590378165245,9.933209206963665,68.99502073665428
20260717_203749_controller_right,exp1_system_characterization,start_stop_6dof,trial_001,event_002,exp1_system_characterization/start_stop_6dof,One-Euro Anchor,One-Euro Anchor,1313,1.0,1.0,1.0,10.746162252039026,2.519263361255083,62.39640277335552,3.4795601579050004,10.379948924251151,27.316407330598913,166.93320000194944,207.8730799970799,71.97060000151396,83.516360001266,216.5945999950054,277.4336399976164,216.5945999950054,277.4336399976164,9.933209206963665,68.99502073665428
20260717_203749_controller_right,exp1_system_characterization,start_stop_6dof,trial_001,event_003,exp1_system_characterization/start_stop_6dof,Arrival-Hold,Arrival-Hold,948,1.0,1.0,1.0,5.744651112131143,4.504839210150735,44.28964369333671,2.646256344609049,1.6469375818115246,4.925940234152417,166.72079999989364,195.51984000063385,72.12040000036359,84.3205500010401,42.48510000252281,96.31722500198521,42.48510000252281,96.31722500198521,9.936113669140056,67.65247974163468
20260717_203749_controller_right,exp1_system_characterization,start_stop_6dof,trial_001,event_003,exp1_system_characterization/start_stop_6dof,Capture-Hold,Capture-Hold,948,1.0,1.0,1.0,5.685197798855892,4.369375743262022,57.54911542203133,2.651085858559802,1.581428750393893,5.594708639579376,166.7572000005748,195.55218000532477,72.12040000036359,84.3205500010401,216.5325500027393,277.507679997143,216.5325500027393,277.507679997143,9.936113669140056,67.65247974163468
20260717_203749_controller_right,exp1_system_characterization,start_stop_6dof,trial_001,event_003,exp1_system_characterization/start_stop_6dof,EgoAnchor,EgoAnchor,948,1.0,1.0,1.0,5.331165844477623,1.9746831831301792,78.53201018994741,1.6109573129516717,2.385559905461632,7.02867238988786,166.6373999978532,195.42982000275515,72.12040000036359,84.3205500010401,216.52214999994612,277.4987199991301,276.313841342926,312.8739535808563,9.936113669140056,67.65247974163468
20260717_203749_controller_right,exp1_system_characterization,start_stop_6dof,trial_001,event_003,exp1_system_characterization/start_stop_6dof,One-Euro Anchor,One-Euro Anchor,948,1.0,1.0,1.0,5.793051334463344,4.482801033716963,85.57968294819531,2.6037270877625533,1.6013341740288771,7.09240660390896,166.78289999981644,195.59305000148015,72.12040000036359,84.3205500010401,216.5335000026971,277.5085749992286,216.5335000026971,277.5085749992286,9.936113669140056,67.65247974163468
20260717_203749_controller_right,exp1_system_characterization,start_stop_6dof,trial_001,event_004,exp1_system_characterization/start_stop_6dof,Arrival-Hold,Arrival-Hold,1262,1.0,1.0,1.0,11.066365131610048,7.390199740508553,37.114440554438154,3.3263010630991676,6.899446619608078,30.452499572569547,166.8680999937351,208.49190000299131,72.00099999830127,86.79671999886627,42.75380000035511,97.27060000222991,42.75380000035511,97.27060000222991,9.913348391493367,67.74024770486875
20260717_203749_controller_right,exp1_system_characterization,start_stop_6dof,trial_001,event_004,exp1_system_characterization/start_stop_6dof,Capture-Hold,Capture-Hold,1262,1.0,1.0,1.0,10.959887899152946,8.937188595824276,48.36032443435935,3.51054408738975,6.8448671416176134,30.52379604703012,166.9058999978006,208.52798000269104,72.00099999830127,86.79671999886627,216.88555000218912,277.75316999468487,216.88555000218912,277.75316999468487,9.913348391493367,67.74024770486875
20260717_203749_controller_right,exp1_system_characterization,start_stop_6dof,trial_001,event_004,exp1_system_characterization/start_stop_6dof,EgoAnchor,EgoAnchor,1262,1.0,1.0,1.0,10.60188941751975,12.798897429143887,68.54380338597736,3.8144490852992528,7.700854227392547,36.86326740344588,166.77959999651648,208.40669999888632,72.00099999830127,86.79671999886627,216.8758500010881,277.7436949949333,283.29475224018097,300.2362474799156,9.913348391493367,67.74024770486875
20260717_203749_controller_right,exp1_system_characterization,start_stop_6dof,trial_001,event_004,exp1_system_characterization/start_stop_6dof,One-Euro Anchor,One-Euro Anchor,1262,1.0,1.0,1.0,11.487937663398878,15.713241034968643,71.49273883349824,3.589772311328407,8.364545584114342,39.91376943449551,166.93819999636617,208.55912000261014,72.00099999830127,86.79671999886627,216.88635000100476,277.7538699996512,216.88635000100476,277.7538699996512,9.913348391493367,67.74024770486875
20260717_203749_controller_right,exp1_system_characterization,start_stop_6dof,trial_001,event_005,exp1_system_characterization/start_stop_6dof,Arrival-Hold,Arrival-Hold,847,1.0,1.0,1.0,6.631331345143404,4.511729142446723,43.602763284847654,2.9092856969986483,1.1312887496918198,14.86319967222537,167.43820000556298,215.5918999997084,72.93910000473261,82.27605000138283,42.55109999940032,96.08477999863679,42.55109999940032,96.08477999863679,9.883683039834546,63.72462525531658
20260717_203749_controller_right,exp1_system_characterization,start_stop_6dof,trial_001,event_005,exp1_system_characterization/start_stop_6dof,Capture-Hold,Capture-Hold,847,1.0,1.0,1.0,6.523525230778914,5.1766220726314405,62.989914055195,2.96690372319707,1.24273978820551,14.932415790718279,167.47030000260565,215.66134999739006,72.93910000473261,82.27605000138283,220.4289000001154,278.7131599972781,220.4289000001154,278.7131599972781,9.883683039834546,63.72462525531658
20260717_203749_controller_right,exp1_system_characterization,start_stop_6dof,trial_001,event_005,exp1_system_characterization/start_stop_6dof,EgoAnchor,EgoAnchor,847,1.0,1.0,1.0,8.750204234556973,4.3236596036303965,87.5451813229397,4.280848029951814,2.552882370549214,20.389083026241398,167.35520000656834,215.467849997367,72.93910000473261,82.27605000138283,220.4208999974071,278.70500999924843,284.728080034256,309.08992886543274,9.883683039834546,63.72462525531658
20260717_203749_controller_right,exp1_system_characterization,start_stop_6dof,trial_001,event_005,exp1_system_characterization/start_stop_6dof,One-Euro Anchor,One-Euro Anchor,847,1.0,1.0,1.0,6.9098120553443065,7.226861724191609,91.00026735839947,3.1143244139011257,1.7710081039948768,22.290615850144793,167.49870000057854,215.74120000150288,72.93910000473261,82.27605000138283,220.42969999893103,278.7139699961699,220.42969999893103,278.7139699961699,9.883683039834546,63.72462525531658
20260717_204156_controller_right,exp1_system_characterization,continuous_translation,trial_001,,exp1_system_characterization/continuous_translation,Arrival-Hold,Arrival-Hold,1817,1.0,1.0,0.7446340121078702,3.9548064483368814,5.451767987550134,112.52841491739491,4.175156714514473,2.3943908258508872,63.17244902556832,167.0735500047158,208.11205000245536,71.33709999918938,86.31781999990343,43.67760000604903,98.77750000014203,43.67760000604903,98.77750000014203,11.884567006502087,69.26664115320777
20260717_204156_controller_right,exp1_system_characterization,continuous_translation,trial_001,,exp1_system_characterization/continuous_translation,Capture-Hold,Capture-Hold,1817,1.0,1.0,0.7446340121078702,3.6637896716899543,4.97295710927506,112.16007110187378,4.2460664895993805,2.3913252508412177,63.13817583323492,167.1066000017163,208.35052499751328,71.33709999918938,86.31781999990343,216.9720000019879,277.67578000202775,216.9720000019879,277.67578000202775,11.884567006502087,69.26664115320777
20260717_204156_controller_right,exp1_system_characterization,continuous_translation,trial_001,,exp1_system_characterization/continuous_translation,EgoAnchor,EgoAnchor,1817,1.0,1.0,0.7407815079801872,2.9485344534486884,6.087732131852727,112.7855492445609,4.127741368292534,0.9754580927909227,63.33417923237128,166.98275000453577,208.03177499874437,71.33709999918938,86.31781999990343,216.9995000003837,277.6738499997009,285.0363552570343,841.5738850013439,11.884567006502087,69.26664115320777
20260717_204156_controller_right,exp1_system_characterization,continuous_translation,trial_001,,exp1_system_characterization/continuous_translation,One-Euro Anchor,One-Euro Anchor,1817,1.0,1.0,0.7446340121078702,3.5227281782966067,5.977117145735681,112.46012757975718,4.434276823672749,1.9843533723337101,63.09068976080151,167.13385000184644,208.37557499908144,71.33709999918938,86.31781999990343,216.9727000000421,277.67644000268774,216.9727000000421,277.67644000268774,11.884567006502087,69.26664115320777
20260717_204156_controller_right,exp1_system_characterization,continuous_translation,trial_001,event_001,exp1_system_characterization/continuous_translation,Arrival-Hold,Arrival-Hold,162,1.0,1.0,1.0,32.205098478283844,24.114474512996612,52.70444078202456,3.43497248707458,1.5066349064222408,5.191063646405582,166.46079999918584,192.70533000089924,75.62139999866486,86.64606000110507,48.6421999958111,98.64542499963133,48.6421999958111,98.64542499963133,9.554302224107369,68.40925287394393
20260717_204156_controller_right,exp1_system_characterization,continuous_translation,trial_001,event_001,exp1_system_characterization/continuous_translation,Capture-Hold,Capture-Hold,162,1.0,1.0,1.0,44.616276020132034,37.151747041663654,68.84062272106671,4.347249721597663,2.196882080869491,6.349006617750786,166.49470000265865,192.73578000575068,75.62139999866486,86.64606000110507,215.80505000019912,265.52990000309364,215.80505000019912,265.52990000309364,9.554302224107369,68.40925287394393
20260717_204156_controller_right,exp1_system_characterization,continuous_translation,trial_001,event_001,exp1_system_characterization/continuous_translation,EgoAnchor,EgoAnchor,162,1.0,1.0,1.0,71.41010214364954,59.154644977801816,97.96647712610006,5.948972204559309,3.9303473254745933,7.727741330967837,166.37590000027558,192.61902000507686,75.62139999866486,86.64606000110507,215.79625000231317,265.5204450034944,277.1952748298645,279.33284640312195,9.554302224107369,68.40925287394393
20260717_204156_controller_right,exp1_system_characterization,continuous_translation,trial_001,event_001,exp1_system_characterization/continuous_translation,One-Euro Anchor,One-Euro Anchor,162,1.0,1.0,1.0,67.12324598383775,64.87550149470069,102.95364054600233,6.002710475427743,3.8826904011889116,8.375421020091466,166.52299999987008,192.76441000110933,75.62139999866486,86.64606000110507,215.80584999901475,265.53069000219693,215.80584999901475,265.53069000219693,9.554302224107369,68.40925287394393
20260717_204156_controller_right,exp1_system_characterization,continuous_translation,trial_001,event_002,exp1_system_characterization/continuous_translation,Arrival-Hold,Arrival-Hold,112,1.0,1.0,1.0,31.267217649678262,13.191381999876,47.701726218888254,2.0851187500865045,1.3329569150427676,3.451258642314556,167.31119999894872,185.92101999893202,75.92130000516772,94.96227000057696,42.73085000022547,105.01967000127479,42.73085000022547,105.01967000127479,9.38986721993069,70.46564076299538
20260717_204156_controller_right,exp1_system_characterization,continuous_translation,trial_001,event_002,exp1_system_characterization/continuous_translation,Capture-Hold,Capture-Hold,112,1.0,1.0,1.0,45.16323713696805,11.668166018856127,59.39505960616382,2.219238169678082,0.9604104095037878,3.933077759030515,167.34810000343714,185.95783000127994,75.92130000516772,94.96227000057696,216.2375499974587,265.10524499935855,216.2375499974587,265.10524499935855,9.38986721993069,70.46564076299538
20260717_204156_controller_right,exp1_system_characterization,continuous_translation,trial_001,event_002,exp1_system_characterization/continuous_translation,EgoAnchor,EgoAnchor,112,1.0,1.0,1.0,58.791102812431575,11.358396865355104,65.47799891692834,2.4763898368890143,1.4199802524351535,3.996888512544784,167.21810000308324,185.83460000227205,75.92130000516772,94.96227000057696,216.22819999902276,265.09630500077037,279.86182272434235,284.1997802257538,9.38986721993069,70.46564076299538
20260717_204156_controller_right,exp1_system_characterization,continuous_translation,trial_001,event_002,exp1_system_characterization/continuous_translation,One-Euro Anchor,One-Euro Anchor,112,1.0,1.0,1.0,71.11843891198657,12.386746913040696,84.78278940775019,1.98113142813622,2.646696447754828,4.7217838824633915,167.37990000547143,185.9879000003275,75.92130000516772,94.96227000057696,216.23845000067377,265.10599999783153,216.23845000067377,265.10599999783153,9.38986721993069,70.46564076299538
20260717_204156_controller_right,exp1_system_characterization,continuous_translation,trial_001,event_003,exp1_system_characterization/continuous_translation,Arrival-Hold,Arrival-Hold,153,1.0,1.0,1.0,41.20224618373117,22.955281346725528,61.8082368172254,2.796114089467825,1.5157438510404455,3.9149709900607528,166.8223999949987,194.25910000427393,75.13250000402331,83.39510000124574,42.453000001842156,98.08916000038153,42.453000001842156,98.08916000038153,9.537288437313329,69.76286820849857
20260717_204156_controller_right,exp1_system_characterization,continuous_translation,trial_001,event_003,exp1_system_characterization/continuous_translation,Capture-Hold,Capture-Hold,153,1.0,1.0,1.0,62.93127623660993,30.256131447621705,85.12304899467723,3.008484382074417,1.7035108282741052,4.483885503650672,166.86810000101104,194.2992000040249,75.13250000402331,83.39510000124574,216.31190000334755,265.4824800003553,216.31190000334755,265.4824800003553,9.537288437313329,69.76286820849857
20260717_204156_controller_right,exp1_system_characterization,continuous_translation,trial_001,event_003,exp1_system_characterization/continuous_translation,EgoAnchor,EgoAnchor,153,1.0,1.0,1.0,82.12810288600866,37.91396172147985,98.17467487048012,3.3659821537076198,1.7246628236067223,4.833566233624573,166.74329999659676,194.1755000007106,75.13250000402331,83.39510000124574,216.30270000605378,265.4733200033661,280.03132343292236,286.60619258880615,9.537288437313329,69.76286820849857
20260717_204156_controller_right,exp1_system_characterization,continuous_translation,trial_001,event_003,exp1_system_characterization/continuous_translation,One-Euro Anchor,One-Euro Anchor,153,1.0,1.0,1.0,95.04721540021572,40.26574444545723,121.17762755852986,3.5265363083702836,1.9058242705298092,5.1915739738873725,166.89749999932246,194.33389999903738,75.13250000402331,83.39510000124574,216.31280000292463,265.4832800020813,216.31280000292463,265.4832800020813,9.537288437313329,69.76286820849857
20260717_204156_controller_right,exp1_system_characterization,continuous_translation,trial_001,event_004,exp1_system_characterization/continuous_translation,Arrival-Hold,Arrival-Hold,125,1.0,1.0,1.0,40.668533406457684,18.913434773615062,63.90993278825344,3.044690477162996,1.6047055620591126,6.812851823706796,167.08110000035958,193.8605200019083,77.20069999992847,86.39533999934793,49.128500002552755,97.63581999577582,49.128500002552755,97.63581999577582,9.481288203659092,68.92897874886533
20260717_204156_controller_right,exp1_system_characterization,continuous_translation,trial_001,event_004,exp1_system_characterization/continuous_translation,Capture-Hold,Capture-Hold,125,1.0,1.0,1.0,55.86744624560289,28.100810285255214,81.29886958380939,3.5480371767021026,1.3684079561501958,6.986829548058087,167.11560000112513,193.88956000475446,77.20069999992847,86.39533999934793,216.6406000033021,265.2447399974335,216.6406000033021,265.2447399974335,9.481288203659092,68.92897874886533
20260717_204156_controller_right,exp1_system_characterization,continuous_translation,trial_001,event_004,exp1_system_characterization/continuous_translation,EgoAnchor,EgoAnchor,125,1.0,1.0,1.0,71.2411656639107,34.690779514746445,93.30844876795149,3.6161401107184856,1.0821527420413743,6.531451064832003,166.99900000094203,193.77900000254158,77.20069999992847,86.39533999934793,216.63170000101672,265.23551999707706,284.9063277244568,295.25099992752075,9.481288203659092,68.92897874886533
20260717_204156_controller_right,exp1_system_characterization,continuous_translation,trial_001,event_004,exp1_system_characterization/continuous_translation,One-Euro Anchor,One-Euro Anchor,125,1.0,1.0,1.0,83.78209192984048,37.15585489008133,116.17997091746619,3.9783789463418455,1.229007652908534,5.96246468224631,167.14499999943655,193.9210600045044,77.20069999992847,86.39533999934793,216.64140000211773,265.2455599964014,216.64140000211773,265.2455599964014,9.481288203659092,68.92897874886533
20260717_204156_controller_right,exp1_system_characterization,continuous_translation,trial_001,event_005,exp1_system_characterization/continuous_translation,Arrival-Hold,Arrival-Hold,146,1.0,1.0,1.0,50.052657121065934,34.0107397026879,80.13253644124892,5.007487845308635,1.684680384742773,7.414129210834943,166.7709500034107,182.91288499858638,73.13065000064671,81.19053499847651,48.91549999956624,96.37365000344289,48.91549999956624,96.37365000344289,9.89793998417156,66.92137403149054
20260717_204156_controller_right,exp1_system_characterization,continuous_translation,trial_001,event_005,exp1_system_characterization/continuous_translation,Capture-Hold,Capture-Hold,146,1.0,1.0,1.0,67.13778089801338,43.32395762531547,103.54482055673259,5.677272803524682,1.5923395776065439,8.32737644047909,166.80225000163773,182.94342000190227,73.13065000064671,81.19053499847651,216.02865000386373,264.48775000426394,216.02865000386373,264.48775000426394,9.89793998417156,66.92137403149054
20260717_204156_controller_right,exp1_system_characterization,continuous_translation,trial_001,event_005,exp1_system_characterization/continuous_translation,EgoAnchor,EgoAnchor,146,1.0,1.0,1.0,89.00663147179486,56.227719169562434,119.278235928264,6.59758037336708,2.2419809089245124,9.416426133491951,166.68275000120047,182.82807000105095,73.13065000064671,81.19053499847651,216.01940000255127,264.47942500089994,282.390296459198,290.08349776268005,9.89793998417156,66.92137403149054
20260717_204156_controller_right,exp1_system_characterization,continuous_translation,trial_001,event_005,exp1_system_characterization/continuous_translation,One-Euro Anchor,One-Euro Anchor,146,1.0,1.0,1.0,104.7369383118079,62.998561739230816,146.751324072589,7.694145913835007,3.2142911743223266,10.329051255686567,166.83055000248714,182.9754900027183,73.13065000064671,81.19053499847651,216.02960000382154,264.48862500365067,216.02960000382154,264.48862500365067,9.89793998417156,66.92137403149054
20260717_204156_controller_right,exp1_system_characterization,continuous_translation,trial_001,event_006,exp1_system_characterization/continuous_translation,Arrival-Hold,Arrival-Hold,144,1.0,1.0,1.0,44.105052741149464,24.745533336671155,72.76646202314774,2.450934229970355,1.5399795021057907,4.381925319006201,166.7614500001946,207.02875000060885,77.13735000044107,88.33572499845177,48.97979999805102,98.32490999506263,48.97979999805102,98.32490999506263,9.474265998715016,67.96639323263193
20260717_204156_controller_right,exp1_system_characterization,continuous_translation,trial_001,event_006,exp1_system_characterization/continuous_translation,Capture-Hold,Capture-Hold,144,1.0,1.0,1.0,63.94612242095842,33.91365839788001,99.94708834539846,3.1266037442095325,1.746886096979079,4.697057176547976,166.7928499991831,207.05957500249497,77.13735000044107,88.33572499845177,222.4612999962119,277.32795500160137,222.4612999962119,277.32795500160137,9.474265998715016,67.96639323263193
20260717_204156_controller_right,exp1_system_characterization,continuous_translation,trial_001,event_006,exp1_system_characterization/continuous_translation,EgoAnchor,EgoAnchor,144,1.0,1.0,1.0,84.46358383921893,42.75612258742636,111.37078897434009,3.565200097302425,1.5066479106664503,5.463345692820972,166.68154999933904,206.9395349968545,77.13735000044107,88.33572499845177,222.4533499975223,277.32129500400333,286.5167409181595,303.88177186250687,9.474265998715016,67.96639323263193
20260717_204156_controller_right,exp1_system_characterization,continuous_translation,trial_001,event_006,exp1_system_characterization/continuous_translation,One-Euro Anchor,One-Euro Anchor,144,1.0,1.0,1.0,98.28901368371677,53.41804383121212,140.90456871093568,4.316402852899308,2.077211137370477,6.28931849264939,166.81989999779034,207.08782499896188,77.13735000044107,88.33572499845177,222.4620999986655,277.32885500117845,222.4620999986655,277.32885500117845,9.474265998715016,67.96639323263193
20260717_204156_controller_right,exp1_system_characterization,continuous_translation,trial_001,event_007,exp1_system_characterization/continuous_translation,Arrival-Hold,Arrival-Hold,161,1.0,1.0,1.0,48.86572756244938,33.67666069361849,75.3313949724443,3.385859786662224,2.955492081973921,6.6287000569828685,166.32625000056578,222.57453999700374,77.10719999857247,83.85060999691487,49.16860000230372,98.46960000140825,49.16860000230372,98.46960000140825,9.531508648555668,69.21127693948168
20260717_204156_controller_right,exp1_system_characterization,continuous_translation,trial_001,event_007,exp1_system_characterization/continuous_translation,Capture-Hold,Capture-Hold,161,1.0,1.0,1.0,71.19707102963704,54.32903149944463,119.02773606138595,5.5534262952500475,4.843700576886583,9.141542445404339,166.36130000188132,222.6108849976299,77.10719999857247,83.85060999691487,223.27999999833992,278.2459000009112,223.27999999833992,278.2459000009112,9.531508648555668,69.21127693948168
20260717_204156_controller_right,exp1_system_characterization,continuous_translation,trial_001,event_007,exp1_system_characterization/continuous_translation,EgoAnchor,EgoAnchor,161,1.0,1.0,1.0,93.21707835895992,67.16151687359596,128.88444560697815,6.8661025517446,6.271805706791849,9.747381941159178,166.22950000237324,222.4953999997524,77.10719999857247,83.85060999691487,223.27280000172323,278.2375999959186,288.4339690208435,305.5052161216736,9.531508648555668,69.21127693948168
20260717_204156_controller_right,exp1_system_characterization,continuous_translation,trial_001,event_007,exp1_system_characterization/continuous_translation,One-Euro Anchor,One-Euro Anchor,161,1.0,1.0,1.0,108.37293456500498,83.16081915594418,168.27889916707824,7.1436889191639,7.474242884174853,10.723143201133768,166.39375000522705,222.64315499705845,77.10719999857247,83.85060999691487,223.2808000044315,278.2465999989654,223.2808000044315,278.2465999989654,9.531508648555668,69.21127693948168
20260717_204156_controller_right,exp1_system_characterization,continuous_translation,trial_001,event_008,exp1_system_characterization/continuous_translation,Arrival-Hold,Arrival-Hold,130,1.0,1.0,1.0,43.76052490137072,24.20807084635506,71.1481927621075,4.72575155218114,2.8270654925755103,7.111815551551626,166.6265999992902,196.71502000164762,75.94395000301301,84.06833000332114,48.995999997714534,98.39598999824375,48.995999997714534,98.39598999824375,9.502963694887663,70.06920175593645
20260717_204156_controller_right,exp1_system_characterization,continuous_translation,trial_001,event_008,exp1_system_characterization/continuous_translation,Capture-Hold,Capture-Hold,130,1.0,1.0,1.0,61.92794305185953,34.19300315865725,98.89677333459909,5.649845769500032,4.242269658320407,8.761104073765217,166.66034999798285,196.7703699971025,75.94395000301301,84.06833000332114,216.17734999745153,265.5642949983303,216.17734999745153,265.5642949983303,9.502963694887663,70.06920175593645
20260717_204156_controller_right,exp1_system_characterization,continuous_translation,trial_001,event_008,exp1_system_characterization/continuous_translation,EgoAnchor,EgoAnchor,130,1.0,1.0,1.0,82.68013817064585,44.69174789302079,108.96683947783245,7.071754717627332,5.036193032107986,9.378841631724423,166.5450000000419,196.60931499929572,75.94395000301301,84.06833000332114,216.16849999918486,265.55520499859995,275.06764233112335,284.5266342163086,9.502963694887663,70.06920175593645
20260717_204156_controller_right,exp1_system_characterization,continuous_translation,trial_001,event_008,exp1_system_characterization/continuous_translation,One-Euro Anchor,One-Euro Anchor,130,1.0,1.0,1.0,95.04273905434259,55.55681515190797,139.15297510308525,8.05577930649043,5.9750648471984,11.812557298586047,166.6905999991286,196.80293000055823,75.94395000301301,84.06833000332114,216.17804999550572,265.5661399970995,216.17804999550572,265.5661399970995,9.502963694887663,70.06920175593645
20260717_204156_controller_right,exp1_system_characterization,continuous_translation,trial_001,event_009,exp1_system_characterization/continuous_translation,Arrival-Hold,Arrival-Hold,106,1.0,1.0,1.0,44.524953283007164,26.42956517765542,66.52101939763298,2.8481608057243166,2.1483613101845283,5.154364424636179,166.8299000011757,181.67180999880657,74.4320000000298,84.59570000134408,49.94395000176155,97.42369999548828,49.94395000176155,97.42369999548828,9.587243815988232,66.84178790699607
20260717_204156_controller_right,exp1_system_characterization,continuous_translation,trial_001,event_009,exp1_system_characterization/continuous_translation,Capture-Hold,Capture-Hold,106,1.0,1.0,1.0,53.43511235427993,27.60503158015318,78.25968283897993,2.684224864955012,2.08929093270222,5.399350348036925,166.8668999991496,181.7058399981761,74.4320000000298,84.59570000134408,216.99214999898686,274.16230000198993,216.99214999898686,274.16230000198993,9.587243815988232,66.84178790699607
20260717_204156_controller_right,exp1_system_characterization,continuous_translation,trial_001,event_009,exp1_system_characterization/continuous_translation,EgoAnchor,EgoAnchor,106,1.0,1.0,1.0,70.71968658743606,36.58014796293628,87.21450984635945,2.9040259520334697,1.5917081446984787,6.167707777812591,166.73540000192588,181.58959999855142,74.4320000000298,84.59570000134408,216.98235000076238,274.15407500120637,287.456214427948,292.93130338191986,9.587243815988232,66.84178790699607
20260717_204156_controller_right,exp1_system_characterization,continuous_translation,trial_001,event_009,exp1_system_characterization/continuous_translation,One-Euro Anchor,One-Euro Anchor,106,1.0,1.0,1.0,82.94939535676528,36.48531272471493,112.41348002473855,3.20493843109798,1.73108072102497,5.921839342239223,166.89839999889955,181.73590999867884,74.4320000000298,84.59570000134408,216.99290000105975,274.16310000080557,216.99290000105975,274.16310000080557,9.587243815988232,66.84178790699607
20260717_204156_controller_right,exp1_system_characterization,continuous_translation,trial_001,event_010,exp1_system_characterization/continuous_translation,Arrival-Hold,Arrival-Hold,138,1.0,1.0,1.0,41.54297769675324,26.56756679689446,73.96147369220625,5.282025058133215,1.795123752661648,7.683194698113847,173.90454999986105,183.81092499839727,73.77685000188649,83.35549000371248,45.26299999997718,96.01058499756618,45.26299999997718,96.01058499756618,9.752267761543951,69.99744483765076
20260717_204156_controller_right,exp1_system_characterization,continuous_translation,trial_001,event_010,exp1_system_characterization/continuous_translation,Capture-Hold,Capture-Hold,138,1.0,1.0,1.0,66.69679812850768,40.04923941428769,105.77175595883492,6.488357319513042,2.274132715144712,9.581806587705612,173.9372000010917,183.8513649941888,73.77685000188649,83.35549000371248,219.5555999969656,276.88894999846525,219.5555999969656,276.88894999846525,9.752267761543951,69.99744483765076
20260717_204156_controller_right,exp1_system_characterization,continuous_translation,trial_001,event_010,exp1_system_characterization/continuous_translation,EgoAnchor,EgoAnchor,138,1.0,1.0,1.0,84.91318320015695,51.59772701671057,117.08299256336635,7.713359239558638,2.876514392109736,10.213915941022712,173.82474999976694,183.72276499649163,73.77685000188649,83.35549000371248,219.54454999649897,276.88078999563004,284.2555344104767,295.3118473291397,9.752267761543951,69.99744483765076
20260717_204156_controller_right,exp1_system_characterization,continuous_translation,trial_001,event_010,exp1_system_characterization/continuous_translation,One-Euro Anchor,One-Euro Anchor,138,1.0,1.0,1.0,98.78338423572723,61.53995248372033,150.9777385878859,8.424324829294264,3.477044141793411,11.175130088354956,173.96765000012238,183.88216999665022,73.77685000188649,83.35549000371248,219.5564999965427,276.8897499972809,219.5564999965427,276.8897499972809,9.752267761543951,69.99744483765076
20260717_204156_controller_right,exp1_system_characterization,continuous_translation,trial_001,event_011,exp1_system_characterization/continuous_translation,Arrival-Hold,Arrival-Hold,98,1.0,1.0,1.0,51.36758476481752,20.57157644835423,77.05930666531272,3.4308479370247884,1.2195213168769445,5.1449898689216145,167.0892999973148,195.1721399978851,73.6512000001967,90.36707999929783,43.204450001212535,99.46749000082487,43.204450001212535,99.46749000082487,9.524180664503607,69.5281689433973
20260717_204156_controller_right,exp1_system_characterization,continuous_translation,trial_001,event_011,exp1_system_characterization/continuous_translation,Capture-Hold,Capture-Hold,98,1.0,1.0,1.0,68.95847846650335,23.1843816441162,97.7071438530194,4.447819796012835,1.175671565992249,5.891420432380337,167.15390000172192,195.20401999616297,73.6512000001967,90.36707999929783,223.2134000005317,277.37035500322236,223.2134000005317,277.37035500322236,9.524180664503607,69.5281689433973
20260717_204156_controller_right,exp1_system_characterization,continuous_translation,trial_001,event_011,exp1_system_characterization/continuous_translation,EgoAnchor,EgoAnchor,98,1.0,1.0,1.0,88.16098703677902,28.398351763352593,111.8153686954683,4.802863086233842,1.0490368430819421,5.787803504839589,167.00219999620458,195.0804399952176,73.6512000001967,90.36707999929783,223.2050499987963,277.3618200026249,287.7994179725647,293.6940610408783,9.524180664503607,69.5281689433973
20260717_204156_controller_right,exp1_system_characterization,continuous_translation,trial_001,event_011,exp1_system_characterization/continuous_translation,One-Euro Anchor,One-Euro Anchor,98,1.0,1.0,1.0,103.88128307404875,25.854525493576062,135.7791809792457,4.276605611648112,1.7586720472824626,6.179473177638938,167.1864000018104,195.2313999965554,73.6512000001967,90.36707999929783,223.21419999934733,277.37105500236794,223.21419999934733,277.37105500236794,9.524180664503607,69.5281689433973
20260717_204156_controller_right,exp1_system_characterization,continuous_translation,trial_001,event_012,exp1_system_characterization/continuous_translation,Arrival-Hold,Arrival-Hold,115,1.0,1.0,1.0,49.318711514384034,29.007035016776797,79.52578114455832,6.469378002015259,4.085564337559511,10.121300237111292,174.94950000036624,208.46697500019218,77.20160000026226,89.86582499928772,48.811600005137734,104.8943900015729,48.811600005137734,104.8943900015729,9.234890549293889,68.06030692428278
20260717_204156_controller_right,exp1_system_characterization,continuous_translation,trial_001,event_012,exp1_system_characterization/continuous_translation,Capture-Hold,Capture-Hold,115,1.0,1.0,1.0,72.50717654425767,39.19281545227336,107.0817312249801,8.51232836121663,5.852076543499072,12.017775233933454,174.98745000193594,208.4996250050608,77.20160000026226,89.86582499928772,223.49549999489682,277.7079400002549,223.49549999489682,277.7079400002549,9.234890549293889,68.06030692428278
20260717_204156_controller_right,exp1_system_characterization,continuous_translation,trial_001,event_012,exp1_system_characterization/continuous_translation,EgoAnchor,EgoAnchor,115,1.0,1.0,1.0,97.22131023197886,51.631487992932804,121.9629228328038,9.249100001100658,8.425587483411327,13.437203614859337,174.85545000090497,208.3727750032267,77.20160000026226,89.86582499928772,223.48719999718014,277.7001999995264,293.39534044265747,300.8461803197861,9.234890549293889,68.06030692428278
20260717_204156_controller_right,exp1_system_characterization,continuous_translation,trial_001,event_012,exp1_system_characterization/continuous_translation,One-Euro Anchor,One-Euro Anchor,115,1.0,1.0,1.0,106.54055721268882,51.45657517159577,151.02985839059468,10.182044386428103,7.749692835661946,15.287601320313428,175.0244000031671,208.5296000022936,77.20160000026226,89.86582499928772,223.4963999944739,277.7087799993751,223.4963999944739,277.7087799993751,9.234890549293889,68.06030692428278
20260717_204156_controller_right,exp1_system_characterization,continuous_translation,trial_001,event_013,exp1_system_characterization/continuous_translation,Arrival-Hold,Arrival-Hold,121,1.0,1.0,1.0,40.52762893617074,36.270379454698755,81.15080246464622,3.7896526947772995,1.4281526704378367,6.331759830541048,166.39330000180053,181.91782000212697,73.96549999713898,79.1854600019753,48.87120000057621,92.74400000140304,48.87120000057621,92.74400000140304,9.810179766020573,69.03907957085906
20260717_204156_controller_right,exp1_system_characterization,continuous_translation,trial_001,event_013,exp1_system_characterization/continuous_translation,Capture-Hold,Capture-Hold,121,1.0,1.0,1.0,52.4791984438201,39.08896117138249,94.76850937664463,3.983223203036359,1.4895520182742397,6.4293271569860675,166.42470000078902,181.95256000035442,73.96549999713898,79.1854600019753,215.81239999795798,258.0757000032463,215.81239999795798,258.0757000032463,9.810179766020573,69.03907957085906
20260717_204156_controller_right,exp1_system_characterization,continuous_translation,trial_001,event_013,exp1_system_characterization/continuous_translation,EgoAnchor,EgoAnchor,121,1.0,1.0,1.0,67.05369481851505,45.9591603966707,106.9476302890117,4.471061269122207,1.776783819364388,6.29531257531145,166.31300000153715,181.83869999775197,73.96549999713898,79.1854600019753,215.80340000218712,258.0658000006224,270.67214250564575,279.6914279460907,9.810179766020573,69.03907957085906
20260717_204156_controller_right,exp1_system_characterization,continuous_translation,trial_001,event_013,exp1_system_characterization/continuous_translation,One-Euro Anchor,One-Euro Anchor,121,1.0,1.0,1.0,82.25151215034306,51.63136508165444,132.0367137547694,5.181311130217201,1.9469288599777919,7.642196546278825,166.45460000290768,181.9827399973292,73.96549999713898,79.1854600019753,215.81310000328813,258.07650000206195,215.81310000328813,258.07650000206195,9.810179766020573,69.03907957085906
20260717_204156_controller_right,exp1_system_characterization,continuous_translation,trial_001,event_014,exp1_system_characterization/continuous_translation,Arrival-Hold,Arrival-Hold,107,1.0,1.0,1.0,58.484483308235546,35.68174851318572,91.34526673659002,4.481485148946154,3.5188657630968514,6.593704383130581,167.01029999967432,195.25577999957022,75.7538000009954,82.84009999856352,49.392200002330355,97.95357999610131,49.392200002330355,97.95357999610131,9.77681540117192,56.54406615111048
20260717_204156_controller_right,exp1_system_characterization,continuous_translation,trial_001,event_014,exp1_system_characterization/continuous_translation,Capture-Hold,Capture-Hold,107,1.0,1.0,1.0,80.64804822688575,36.67731168098017,117.38589381988406,6.409984080037828,4.624815883233507,9.234980580653934,167.11690000374801,195.41691999911563,75.7538000009954,82.84009999856352,220.31050000077812,265.4748800014204,220.31050000077812,265.4748800014204,9.77681540117192,56.54406615111048
20260717_204156_controller_right,exp1_system_characterization,continuous_translation,trial_001,event_014,exp1_system_characterization/continuous_translation,EgoAnchor,EgoAnchor,107,1.0,1.0,1.0,100.81857275646173,51.54137440653099,134.66407686754488,7.627832863685179,6.216259077765206,9.92086899463022,166.90789999847766,195.04536000240478,75.7538000009954,82.84009999856352,220.30150000500726,265.46690999821294,285.27531027793884,292.35793352127075,9.77681540117192,56.54406615111048
20260717_204156_controller_right,exp1_system_characterization,continuous_translation,trial_001,event_014,exp1_system_characterization/continuous_translation,One-Euro Anchor,One-Euro Anchor,107,1.0,1.0,1.0,120.6521579271478,63.15872953124975,163.70753999958015,7.051013400131846,6.810639291867252,11.186697806423007,167.2467999960645,195.56286000224645,75.7538000009954,82.84009999856352,220.31120000610827,265.47571000046446,220.31120000610827,265.47571000046446,9.77681540117192,56.54406615111048
20260717_204156_controller_right,exp1_system_characterization,continuous_translation,trial_001,event_015,exp1_system_characterization/continuous_translation,Arrival-Hold,Arrival-Hold,144,1.0,1.0,1.0,44.99906456202794,25.839017130352197,71.20222748440736,6.367546864838854,1.9172513057797058,8.416170705072794,166.53479999877163,183.44825499407307,76.2320499997586,79.90941999983042,45.42035000122269,94.78522999670528,45.42035000122269,94.78522999670528,9.778178420046844,68.000131815509
20260717_204156_controller_right,exp1_system_characterization,continuous_translation,trial_001,event_015,exp1_system_characterization/continuous_translation,Capture-Hold,Capture-Hold,144,1.0,1.0,1.0,65.35492533888723,35.039275249219195,98.51646824229094,8.294489354245663,2.7032463800861013,11.069199039856445,166.56639999928302,183.4814749938232,76.2320499997586,79.90941999983042,215.95505000368576,265.475389999483,215.95505000368576,265.475389999483,9.778178420046844,68.000131815509
20260717_204156_controller_right,exp1_system_characterization,continuous_translation,trial_001,event_015,exp1_system_characterization/continuous_translation,EgoAnchor,EgoAnchor,144,1.0,1.0,1.0,84.06580996374453,40.3796804132383,113.89000845972922,9.730530501660864,3.040307939645148,12.362397797861254,166.450150001765,183.36691499971494,76.2320499997586,79.90941999983042,215.946400003304,265.46765999883064,279.0554016828537,287.11844980716705,9.778178420046844,68.000131815509
20260717_204156_controller_right,exp1_system_characterization,continuous_translation,trial_001,event_015,exp1_system_characterization/continuous_translation,One-Euro Anchor,One-Euro Anchor,144,1.0,1.0,1.0,99.70935221687195,48.4960195593973,141.6084200661164,10.438679257776375,4.406285782439442,14.238941557386548,166.5965500033053,183.5094649959501,76.2320499997586,79.90941999983042,215.95580000212067,265.4761049976514,215.95580000212067,265.4761049976514,9.778178420046844,68.000131815509
20260717_204156_controller_right,exp1_system_characterization,continuous_translation,trial_001,event_016,exp1_system_characterization/continuous_translation,Arrival-Hold,Arrival-Hold,146,1.0,1.0,1.0,59.87562855333237,45.18714252302376,100.8704953559537,6.69954128601344,3.32855045078057,10.896990019257142,166.91815000376664,184.00238999965953,76.38205000013113,84.10871999766678,49.22420000002603,98.20090000175696,49.22420000002603,98.20090000175696,9.542984944225216,70.76063288299761
20260717_204156_controller_right,exp1_system_characterization,continuous_translation,trial_001,event_016,exp1_system_characterization/continuous_translation,Capture-Hold,Capture-Hold,146,1.0,1.0,1.0,75.73560758904276,48.39633390661895,119.02129166492341,7.539294745024086,2.9741802043849894,12.058388029950487,166.94949999873643,184.03291999893557,76.38205000013113,84.10871999766678,216.69679999831715,274.49087500463065,216.69679999831715,274.49087500463065,9.542984944225216,70.76063288299761
20260717_204156_controller_right,exp1_system_characterization,continuous_translation,trial_001,event_016,exp1_system_characterization/continuous_translation,EgoAnchor,EgoAnchor,146,1.0,1.0,1.0,96.68853483092316,63.81039893128365,137.48511466858832,7.938784826053475,3.3377126371648753,12.77455185229857,166.83464999732678,183.91924999741607,76.38205000013113,84.10871999766678,216.68774999852758,274.4826500020281,283.054918050766,295.10049521923065,9.542984944225216,70.76063288299761
20260717_204156_controller_right,exp1_system_characterization,continuous_translation,trial_001,event_016,exp1_system_characterization/continuous_translation,One-Euro Anchor,One-Euro Anchor,146,1.0,1.0,1.0,115.28167170130638,69.73239758874331,170.89772357366314,8.863084689624088,4.435347903773348,14.104817616666606,166.9809000013629,184.05659999552884,76.38205000013113,84.10871999766678,216.6975000000093,274.49150000211375,216.6975000000093,274.49150000211375,9.542984944225216,70.76063288299761
20260717_204156_controller_right,exp1_system_characterization,continuous_translation,trial_001,event_017,exp1_system_characterization/continuous_translation,Arrival-Hold,Arrival-Hold,137,1.0,1.0,1.0,41.002734253791246,21.42520317446512,61.11208667605367,4.345440232590062,37.62477635758532,64.965012047542,167.4454499989224,195.47614999610232,75.8099500015378,84.87743500415236,41.93860000668792,98.25520000013057,41.93860000668792,98.25520000013057,9.591266656997265,65.91322678785718
20260717_204156_controller_right,exp1_system_characterization,continuous_translation,trial_001,event_017,exp1_system_characterization/continuous_translation,Capture-Hold,Capture-Hold,137,1.0,1.0,1.0,51.1139608659401,25.232121467738658,71.7478157787918,4.833246944191099,36.18664460882447,64.38887605708116,167.47749999922235,195.51156499874196,75.8099500015378,84.87743500415236,217.0057999974233,265.9654999981285,217.0057999974233,265.9654999981285,9.591266656997265,65.91322678785718
20260717_204156_controller_right,exp1_system_characterization,continuous_translation,trial_001,event_017,exp1_system_characterization/continuous_translation,EgoAnchor,EgoAnchor,137,1.0,1.0,1.0,68.39976312725074,27.78760283493807,80.83374458520338,14.005129654304753,41.83043945003463,59.21544682592054,167.35854999933508,195.38653000163322,75.8099500015378,84.87743500415236,216.9953999982681,265.9565999987535,285.98061203956604,291.70323610305786,9.591266656997265,65.91322678785718
20260717_204156_controller_right,exp1_system_characterization,continuous_translation,trial_001,event_017,exp1_system_characterization/continuous_translation,One-Euro Anchor,One-Euro Anchor,137,1.0,1.0,1.0,78.80636122770835,33.73252987513471,102.85010568046317,11.827476580786922,43.80258288128253,54.78480869944594,167.50490000049467,195.5407550023665,75.8099500015378,84.87743500415236,217.00659999623895,265.9663599959458,217.00659999623895,265.9663599959458,9.591266656997265,65.91322678785718
20260717_204156_controller_right,exp1_system_characterization,continuous_translation,trial_001,event_018,exp1_system_characterization/continuous_translation,Arrival-Hold,Arrival-Hold,481,1.0,1.0,1.0,8.025210247534082,8.444090987550533,83.36801760139244,2.2385883211269997,1.3193276343204345,4.368523352328221,180.70274999990943,202.3361400046269,75.3068000022322,85.86735000032931,46.93019999831449,103.76030000043102,46.93019999831449,103.76030000043102,9.641010006180645,66.7819053369959
20260717_204156_controller_right,exp1_system_characterization,continuous_translation,trial_001,event_018,exp1_system_characterization/continuous_translation,Capture-Hold,Capture-Hold,481,1.0,1.0,1.0,7.983546253358266,14.866772724277858,114.45626574525686,2.392628365243414,1.8703529618022214,6.281140756744415,180.7373000010557,202.3703650011157,75.3068000022322,85.86735000032931,222.99149999889778,277.89800000027753,222.99149999889778,277.89800000027753,9.641010006180645,66.7819053369959
20260717_204156_controller_right,exp1_system_characterization,continuous_translation,trial_001,event_018,exp1_system_characterization/continuous_translation,EgoAnchor,EgoAnchor,481,1.0,1.0,1.0,13.687646763235483,21.91908856610324,142.23547580245426,2.3037007992957212,1.8507549302891557,8.025511593548952,180.6271999994351,202.25194000158805,75.3068000022322,85.86735000032931,222.98359999695094,277.8896000017994,292.4468517303467,302.549546957016,9.641010006180645,66.7819053369959
20260717_204156_controller_right,exp1_system_characterization,continuous_translation,trial_001,event_018,exp1_system_characterization/continuous_translation,One-Euro Anchor,One-Euro Anchor,481,1.0,1.0,1.0,7.811628628660819,37.54928725323426,168.2891105046361,2.0090849821216117,1.5826435918033257,9.233619996787024,180.76695000127074,202.4000000030355,75.3068000022322,85.86735000032931,222.99219999695197,277.89880000636913,222.99219999695197,277.89880000636913,9.641010006180645,66.7819053369959
20260717_204943_controller_right,exp1_system_characterization,continuous_rotation,trial_001,,exp1_system_characterization/continuous_rotation,Arrival-Hold,Arrival-Hold,1021,1.0,1.0,1.0,3.5802274355945896,0.622074046045118,4.343607613424395,1.3380275819845886,0.4559336572453385,2.000058885234391,166.58369999640854,194.68997999938438,75.29470000043511,85.25554000139236,48.14359999727458,97.95309999753954,48.14359999727458,97.95309999753954,9.635753565629885,70.98114318427128
20260717_204943_controller_right,exp1_system_characterization,continuous_rotation,trial_001,,exp1_system_characterization/continuous_rotation,Capture-Hold,Capture-Hold,1021,1.0,1.0,1.0,3.5198784091075783,0.5169933170473806,4.333018971598937,1.3370449839036802,0.4607237864059177,2.0261392904356437,166.61909999675117,194.72183999459958,75.29470000043511,85.25554000139236,216.31690000504022,265.22290000139037,216.31690000504022,265.22290000139037,9.635753565629885,70.98114318427128
20260717_204943_controller_right,exp1_system_characterization,continuous_rotation,trial_001,,exp1_system_characterization/continuous_rotation,EgoAnchor,EgoAnchor,1021,1.0,1.0,1.0,3.9943675652716424,0.7381420874588378,4.922032877523374,1.9022315986259255,0.5459409367281476,4.191938000512182,166.50700000172947,194.60467999742832,75.29470000043511,85.25554000139236,216.30620000360068,265.2123000007123,279.6905040740967,282.40660429000854,9.635753565629885,70.98114318427128
20260717_204943_controller_right,exp1_system_characterization,continuous_rotation,trial_001,,exp1_system_characterization/continuous_rotation,One-Euro Anchor,One-Euro Anchor,1021,1.0,1.0,1.0,3.55418855480533,0.5516864607841798,4.354715720788819,1.3470394966554513,0.41591742908147245,2.030377155505573,166.64899999886984,194.74975999473827,75.29470000043511,85.25554000139236,216.31750000233296,265.2234999986831,216.31750000233296,265.2234999986831,9.635753565629885,70.98114318427128
20260717_204943_controller_right,exp1_system_characterization,continuous_rotation,trial_001,event_001,exp1_system_characterization/continuous_rotation,Arrival-Hold,Arrival-Hold,1569,1.0,1.0,1.0,7.003403204032692,6.408976456351638,15.954563406865518,8.833755919916879,8.367834956995768,19.339187655639915,166.60234999653767,208.1585499981884,75.87989999912679,86.53622500225902,49.10859999654349,98.61339999915799,49.10859999654349,98.61339999915799,9.602601431374236,69.89582121457249
20260717_204943_controller_right,exp1_system_characterization,continuous_rotation,trial_001,event_001,exp1_system_characterization/continuous_rotation,Capture-Hold,Capture-Hold,1569,1.0,1.0,1.0,6.801312572738286,6.259734521143374,15.139651611680542,8.97216459588099,8.260745690432291,19.38600620351447,166.63714999958756,208.19202500206302,75.87989999912679,86.53622500225902,216.35860000242246,277.7539600021555,216.35860000242246,277.7539600021555,9.602601431374236,69.89582121457249
20260717_204943_controller_right,exp1_system_characterization,continuous_rotation,trial_001,event_001,exp1_system_characterization/continuous_rotation,EgoAnchor,EgoAnchor,1569,1.0,1.0,1.0,8.085493804876343,7.356711436022369,17.825462398688728,12.37607994452232,9.764642523294171,23.020919857306723,166.5151999986847,208.08070000020962,75.87989999912679,86.53622500225902,216.34700000140583,277.74352000269573,281.82026743888855,324.8219817876816,9.602601431374236,69.89582121457249
20260717_204943_controller_right,exp1_system_characterization,continuous_rotation,trial_001,event_001,exp1_system_characterization/continuous_rotation,One-Euro Anchor,One-Euro Anchor,1569,1.0,1.0,1.0,7.8331322564063575,7.683423042207252,19.615018521622602,13.287141503805191,10.516624877236465,26.57944521453893,166.66760000225622,208.22125000267988,75.87989999912679,86.53622500225902,216.3594000012381,277.7545999997528,216.3594000012381,277.7545999997528,9.602601431374236,69.89582121457249
20260717_204943_controller_right,exp1_system_characterization,continuous_rotation,trial_001,event_002,exp1_system_characterization/continuous_rotation,Arrival-Hold,Arrival-Hold,1350,1.0,1.0,1.0,5.731816209694715,2.974561747137982,10.16807106417203,5.465854895919213,6.130567464741913,16.848311489811973,166.5971999973408,194.81527999596437,76.28450000286102,88.66587999910116,48.84404999756953,98.79962999875715,48.84404999756953,98.79962999875715,9.527221225676678,69.58247784668386
20260717_204943_controller_right,exp1_system_characterization,continuous_rotation,trial_001,event_002,exp1_system_characterization/continuous_rotation,Capture-Hold,Capture-Hold,1350,1.0,1.0,1.0,5.72708111553294,2.604824025878357,10.07377036360764,5.458516355612959,6.157221498339151,16.867649977604987,166.63079999852926,194.84601999865845,76.28450000286102,88.66587999910116,216.31015000093612,265.98055999711505,216.31015000093612,265.98055999711505,9.527221225676678,69.58247784668386
20260717_204943_controller_right,exp1_system_characterization,continuous_rotation,trial_001,event_002,exp1_system_characterization/continuous_rotation,EgoAnchor,EgoAnchor,1350,1.0,1.0,1.0,5.962702355161893,2.9418625838498285,10.981887405393964,6.969522036567191,8.311619570960254,21.008484781300755,166.5186999962316,194.73047999927076,76.28450000286102,88.66587999910116,216.29804999975022,265.96937499598425,283.91772508621216,295.5964758992195,9.527221225676678,69.58247784668386
20260717_204943_controller_right,exp1_system_characterization,continuous_rotation,trial_001,event_002,exp1_system_characterization/continuous_rotation,One-Euro Anchor,One-Euro Anchor,1350,1.0,1.0,1.0,5.773115923739761,2.6300509722991823,10.115700613399614,7.843335769200335,8.02001449158503,18.654871798767388,166.65500000090105,194.87382000224898,76.28450000286102,88.66587999910116,216.31089999937103,265.98131499558804,216.31089999937103,265.98131499558804,9.527221225676678,69.58247784668386
20260717_204943_controller_right,exp1_system_characterization,continuous_rotation,trial_001,event_003,exp1_system_characterization/continuous_rotation,Arrival-Hold,Arrival-Hold,1652,1.0,1.0,1.0,8.18752358617808,6.898518154943171,20.30947410417989,7.55056569673307,8.649095753422767,16.46852953889668,166.9510000065202,199.79915000003527,75.7846000008285,88.39638000130653,48.5844500035455,98.72601499955636,48.5844500035455,98.72601499955636,9.578618922173924,69.73123756456624
20260717_204943_controller_right,exp1_system_characterization,continuous_rotation,trial_001,event_003,exp1_system_characterization/continuous_rotation,Capture-Hold,Capture-Hold,1652,1.0,1.0,1.0,8.300279715903251,6.8744375820742984,20.438079768884037,7.580810138009198,8.619921408260186,16.468375690206244,166.98570000153268,199.8479499998211,75.7846000008285,88.39638000130653,222.06309999819496,278.30652499869757,222.06309999819496,278.30652499869757,9.578618922173924,69.73123756456624
20260717_204943_controller_right,exp1_system_characterization,continuous_rotation,trial_001,event_003,exp1_system_characterization/continuous_rotation,EgoAnchor,EgoAnchor,1652,1.0,1.0,1.0,9.715586493399513,8.21333558892383,24.336440098578255,10.015584017157579,10.781372920647376,20.846213177683456,166.86640000261832,199.68968999964997,75.7846000008285,88.39638000130653,222.0525499978976,278.2938250038569,289.5442247390747,316.003954410553,9.578618922173924,69.73123756456624
20260717_204943_controller_right,exp1_system_characterization,continuous_rotation,trial_001,event_003,exp1_system_characterization/continuous_rotation,One-Euro Anchor,One-Euro Anchor,1652,1.0,1.0,1.0,10.60751751350618,8.939536379951704,23.079723877517758,11.227959929773482,12.021121543031228,21.938466478758823,167.01620000094408,199.92474000100626,75.7846000008285,88.39638000130653,222.06359999836423,278.3071350033424,222.06359999836423,278.3071350033424,9.578618922173924,69.73123756456624
20260717_205539_controller_right,exp1_system_characterization,occlusion_recovery,trial_001,,exp1_system_characterization/occlusion_recovery,Arrival-Hold,Arrival-Hold,1625,1.0,1.0,0.9366153846153846,4.355750139220045,5.337693089144284,55.26335584829632,3.7263295864430392,2.1588331142784734,48.07234500487461,166.8726499992772,236.77084999508224,73.40230000019073,85.89514999836683,49.28070000096341,106.40024999702295,49.28070000096341,106.40024999702295,10.0008407106745,64.35617535308963
20260717_205539_controller_right,exp1_system_characterization,occlusion_recovery,trial_001,,exp1_system_characterization/occlusion_recovery,Capture-Hold,Capture-Hold,1625,1.0,1.0,0.9366153846153846,3.4616490023077633,3.3492705137225083,54.43463807459444,3.624901898860473,2.218060696717616,48.23244869868078,166.90430000016931,236.80504999538243,73.40230000019073,85.89514999836683,223.43234999789274,403.10212000258616,223.43234999789274,403.10212000258616,10.0008407106745,64.35617535308963
20260717_205539_controller_right,exp1_system_characterization,occlusion_recovery,trial_001,,exp1_system_characterization/occlusion_recovery,EgoAnchor,EgoAnchor,1625,1.0,1.0,0.9347692307692308,3.017376213593735,0.7929337605315814,14.715590906989695,3.302515345589529,0.43142086483092434,8.614025878769421,166.78925000087474,236.69194999456522,73.40230000019073,85.89514999836683,223.502050001116,464.68875000100616,289.8443639278412,841.1646000022301,10.0008407106745,64.35617535308963
20260717_205539_controller_right,exp1_system_characterization,occlusion_recovery,trial_001,,exp1_system_characterization/occlusion_recovery,One-Euro Anchor,One-Euro Anchor,1625,1.0,1.0,0.9366153846153846,3.357442204377809,3.3300828951583124,25.655076899785048,3.534185081308521,1.47182693689152,26.797764871641633,166.93244999987655,236.83287499625294,73.40230000019073,85.89514999836683,223.4330499995849,403.1033000042953,223.4330499995849,403.1033000042953,10.0008407106745,64.35617535308963
20260717_205539_controller_right,exp1_system_characterization,occlusion_recovery,trial_001,event_001,exp1_system_characterization/occlusion_recovery,Arrival-Hold,Arrival-Hold,237,1.0,1.0,0.5358649789029536,50.106052976512345,44.91181790247368,50.106052976512345,39.788394537666505,34.85137626169507,39.788394537666505,27.994600000965875,333.1864199994011,32.10580000281334,89.91127999797455,69.08860000112327,694.5384200036641,69.08860000112327,694.5384200036641,13.29365988248974,64.00698826132304
20260717_205539_controller_right,exp1_system_characterization,occlusion_recovery,trial_001,event_001,exp1_system_characterization/occlusion_recovery,Capture-Hold,Capture-Hold,237,1.0,1.0,0.5358649789029536,49.14513301560331,46.589684353018306,49.14513301560331,40.01473307565508,34.62634959712624,40.01473307565508,28.028699998685624,333.22325999906707,32.10580000281334,89.91127999797455,258.4692000018549,884.1573700017761,258.4692000018549,884.1573700017761,13.29365988248974,64.00698826132304
20260717_205539_controller_right,exp1_system_characterization,occlusion_recovery,trial_001,event_001,exp1_system_characterization/occlusion_recovery,EgoAnchor,EgoAnchor,237,1.0,1.0,0.5316455696202531,1.1517313339386537,0.02248953482715499,2.431439800865764,3.388109115170667,0.0,5.6643750903528245,27.91609999985667,333.1035199997127,32.10580000281334,89.91127999797455,276.5198999986751,973.2198199999401,872.8092500023195,900.1173250035208,13.29365988248974,64.00698826132304
20260717_205539_controller_right,exp1_system_characterization,occlusion_recovery,trial_001,event_001,exp1_system_characterization/occlusion_recovery,One-Euro Anchor,One-Euro Anchor,237,1.0,1.0,0.5358649789029536,22.752804270483892,20.516083024421153,22.752804270483892,21.41774982771618,17.547378434465735,21.41774982771618,28.05860000080429,333.25330000225176,32.10580000281334,89.91127999797455,258.4703000029549,884.1582700013532,258.4703000029549,884.1582700013532,13.29365988248974,64.00698826132304
20260717_205539_controller_right,exp1_system_characterization,occlusion_recovery,trial_001,event_002,exp1_system_characterization/occlusion_recovery,Arrival-Hold,Arrival-Hold,207,1.0,1.0,1.0,2.643104429460227,0.6537942942606314,3.9285065098916365,2.826238865511054,1.608981699468135,5.556591695034094,166.58304999873508,194.96973500099557,73.7969000004232,80.47766500320284,48.944800000754185,97.70450000360142,48.944800000754185,97.70450000360142,9.873011286145385,66.98839959277817
20260717_205539_controller_right,exp1_system_characterization,occlusion_recovery,trial_001,event_002,exp1_system_characterization/occlusion_recovery,Capture-Hold,Capture-Hold,207,1.0,1.0,1.0,2.406905104962446,0.7444272517327128,3.44475143397697,2.841007512149767,1.6017281431548667,5.562090163263228,166.61539999768138,195.00249500051723,73.7969000004232,80.47766500320284,216.11049999773968,265.3186600000481,216.11049999773968,265.3186600000481,9.873011286145385,66.98839959277817
20260717_205539_controller_right,exp1_system_characterization,occlusion_recovery,trial_001,event_002,exp1_system_characterization/occlusion_recovery,EgoAnchor,EgoAnchor,207,1.0,1.0,1.0,2.522919395948168,0.055432176898647434,2.5448818470548784,5.359481101726909,0.4602962454516808,5.6643750903528245,166.50359999766806,194.88329500309192,73.7969000004232,80.47766500320284,216.10080000391463,265.3082299984817,,,9.873011286145385,66.98839959277817
20260717_205539_controller_right,exp1_system_characterization,occlusion_recovery,trial_001,event_002,exp1_system_characterization/occlusion_recovery,One-Euro Anchor,One-Euro Anchor,207,1.0,1.0,1.0,2.525933031186227,0.480136719403061,2.8927344323729787,2.8126980653940628,0.8976236214296587,4.747195216126678,166.6451999990386,195.03185000248777,73.7969000004232,80.47766500320284,216.11139999731677,265.31945999886375,216.11139999731677,265.31945999886375,9.873011286145385,66.98839959277817
20260717_205539_controller_right,exp1_system_characterization,occlusion_recovery,trial_001,event_003,exp1_system_characterization/occlusion_recovery,Arrival-Hold,Arrival-Hold,256,1.0,1.0,0.546875,21.114158949611145,17.707175740943384,21.114158949611145,20.16058590973953,16.055514891426313,20.16058590973953,-41.657699999632314,194.28850000258535,31.595900002866983,77.10715500004588,69.45550000091316,808.2279500034927,69.45550000091316,808.2279500034927,13.22728611724467,64.79351247716743
20260717_205539_controller_right,exp1_system_characterization,occlusion_recovery,trial_001,event_003,exp1_system_characterization/occlusion_recovery,Capture-Hold,Capture-Hold,256,1.0,1.0,0.546875,20.977197857732097,18.124129492663556,20.977197857732097,20.24433984207006,15.96255086288733,20.24433984207006,-41.62429999996675,194.3219000058889,31.595900002866983,77.10715500004588,256.8774499995925,1008.1861250007931,256.8774499995925,1008.1861250007931,13.22728611724467,64.79351247716743
20260717_205539_controller_right,exp1_system_characterization,occlusion_recovery,trial_001,event_003,exp1_system_characterization/occlusion_recovery,EgoAnchor,EgoAnchor,256,1.0,1.0,0.5390625,2.515053106103934,0.002011190374246574,2.515053106103934,4.778156161871435,0.0,4.873495058156992,-41.735099999641534,194.20465000439435,31.595900002866983,77.10715500004588,264.08565000019735,1059.1679050008677,996.022900002572,1023.7283499991463,13.22728611724467,64.79351247716743
20260717_205539_controller_right,exp1_system_characterization,occlusion_recovery,trial_001,event_003,exp1_system_characterization/occlusion_recovery,One-Euro Anchor,One-Euro Anchor,256,1.0,1.0,0.546875,7.95043706199575,5.422009290845583,7.95043706199575,7.311044457388233,3.9099819824905393,7.311044457388233,-41.59870000148658,194.35100000191596,31.595900002866983,77.10715500004588,256.87824999840814,1008.1873049955901,256.87824999840814,1008.1873049955901,13.22728611724467,64.79351247716743
20260717_205539_controller_right,exp1_system_characterization,occlusion_recovery,trial_001,event_004,exp1_system_characterization/occlusion_recovery,Arrival-Hold,Arrival-Hold,243,1.0,1.0,1.0,1.8165407701808336,0.5839827035718104,2.479475728206996,3.4685348659307746,1.1764422268121475,4.185540372233538,181.5639500018733,240.4179999994085,73.47164999693632,86.51657500024885,43.21989999880316,98.35440999668207,43.21989999880316,98.35440999668207,9.693352456745194,66.17822216358556
20260717_205539_controller_right,exp1_system_characterization,occlusion_recovery,trial_001,event_004,exp1_system_characterization/occlusion_recovery,Capture-Hold,Capture-Hold,243,1.0,1.0,1.0,1.672333738273612,0.5677118451064092,2.3379680890881493,3.4767861111705063,1.1252433068454502,4.157477501893443,181.60010000065085,240.45534999822848,73.47164999693632,86.51657500024885,235.49980000098003,318.7173399979656,235.49980000098003,318.7173399979656,9.693352456745194,66.17822216358556
20260717_205539_controller_right,exp1_system_characterization,occlusion_recovery,trial_001,event_004,exp1_system_characterization/occlusion_recovery,EgoAnchor,EgoAnchor,243,1.0,1.0,1.0,1.5232969037870652,0.07042640961983526,1.5630810061156457,2.7293595781624638,0.2985060682937264,2.920344262717489,181.4804500027094,240.32987500140734,73.47164999693632,86.51657500024885,235.4907999979332,318.70856000386993,,,9.693352456745194,66.17822216358556
20260717_205539_controller_right,exp1_system_characterization,occlusion_recovery,trial_001,event_004,exp1_system_characterization/occlusion_recovery,One-Euro Anchor,One-Euro Anchor,243,1.0,1.0,1.0,1.6355315122298126,0.50980821130421,2.07530052274369,3.36619137929298,0.9797336122425127,4.059987873963164,181.63044999892008,240.48892499922658,73.47164999693632,86.51657500024885,235.50049999903422,318.71806000272045,235.50049999903422,318.71806000272045,9.693352456745194,66.17822216358556
20260717_205539_controller_right,exp1_system_characterization,occlusion_recovery,trial_001,event_005,exp1_system_characterization/occlusion_recovery,Arrival-Hold,Arrival-Hold,204,1.0,1.0,0.7254901960784313,51.87112012738314,49.620103737045675,51.87112012738314,31.494733191079547,27.137821797052172,31.494733191079547,-0.22360000002663583,201.34084999881452,33.269950000569224,84.08154499810185,72.03809999919031,731.8910999987567,72.03809999919031,731.8910999987567,11.175125389987492,65.89896001381274
20260717_205539_controller_right,exp1_system_characterization,occlusion_recovery,trial_001,event_005,exp1_system_characterization/occlusion_recovery,Capture-Hold,Capture-Hold,204,1.0,1.0,0.7254901960784313,51.51156417441762,49.72431418051293,51.51156417441762,31.56905233421453,27.24057220690529,31.56905233421453,-0.19099999917671084,201.3886500026274,33.269950000569224,84.08154499810185,256.6048499975295,924.3127300051128,256.6048499975295,924.3127300051128,11.175125389987492,65.89896001381274
20260717_205539_controller_right,exp1_system_characterization,occlusion_recovery,trial_001,event_005,exp1_system_characterization/occlusion_recovery,EgoAnchor,EgoAnchor,204,1.0,1.0,0.7058823529411765,1.47325640509186,0.018529643570841525,1.8216604043864941,2.882898185242965,0.0,4.690234281418694,-0.29879999783588573,201.23975000024075,33.269950000569224,84.08154499810185,277.0335499990324,1106.8552049971913,892.4803500049165,930.6106750027539,11.175125389987492,65.89896001381274
20260717_205539_controller_right,exp1_system_characterization,occlusion_recovery,trial_001,event_005,exp1_system_characterization/occlusion_recovery,One-Euro Anchor,One-Euro Anchor,204,1.0,1.0,0.7254901960784313,21.48646133825597,19.7145763009111,21.48646133825597,13.099748104589676,9.425119517917881,13.099748104589676,-0.16399999731220305,201.42549999945913,33.269950000569224,84.08154499810185,256.6057499971066,924.3135950044234,256.6057499971066,924.3135950044234,11.175125389987492,65.89896001381274
20260717_205539_controller_right,exp1_system_characterization,occlusion_recovery,trial_001,event_006,exp1_system_characterization/occlusion_recovery,Arrival-Hold,Arrival-Hold,162,1.0,1.0,1.0,1.5472925303983374,0.4544502752756985,2.154264923364278,3.435024770666007,1.1814541070852833,4.8912674575956165,181.20269999781158,260.67613999985036,75.715799998492,93.67778000235556,42.262099999788916,104.37581000296632,42.262099999788916,104.37581000296632,9.515561056497129,66.08962623566048
20260717_205539_controller_right,exp1_system_characterization,occlusion_recovery,trial_001,event_006,exp1_system_characterization/occlusion_recovery,Capture-Hold,Capture-Hold,162,1.0,1.0,1.0,1.462849644946507,0.4695882124951478,1.755027327096344,3.474445486844696,1.14906918367936,4.89575971912694,181.23339999874588,260.71244000195287,75.715799998492,93.67778000235556,223.5435000002326,320.37768000118376,223.5435000002326,320.37768000118376,9.515561056497129,66.08962623566048
20260717_205539_controller_right,exp1_system_characterization,occlusion_recovery,trial_001,event_006,exp1_system_characterization/occlusion_recovery,EgoAnchor,EgoAnchor,162,1.0,1.0,1.0,1.6862571073550026,0.09103613438248548,1.8056721035987302,4.302035591354536,0.22328915612934175,4.627669016259859,181.12359999940963,260.591770002793,75.715799998492,93.67778000235556,223.53319999820087,320.3707899996516,,,9.515561056497129,66.08962623566048
20260717_205539_controller_right,exp1_system_characterization,occlusion_recovery,trial_001,event_006,exp1_system_characterization/occlusion_recovery,One-Euro Anchor,One-Euro Anchor,162,1.0,1.0,1.0,1.3977245884637755,0.15880153690332843,1.6139399371442722,3.539939444815216,0.4064672008003982,4.221972375619362,181.26070000289474,260.74395000250655,75.715799998492,93.67778000235556,223.5444500001904,320.3783899993141,223.5444500001904,320.3783899993141,9.515561056497129,66.08962623566048
20260717_205539_controller_right,exp1_system_characterization,occlusion_recovery,trial_001,event_007,exp1_system_characterization/occlusion_recovery,Arrival-Hold,Arrival-Hold,223,1.0,1.0,0.6636771300448431,13.247592728972345,10.764283044341635,13.247592728972345,15.246084895736114,11.395072355948887,15.246084895736114,-55.25129999296041,218.1113200029358,31.823599997907877,91.12348000034672,83.71824999994715,846.9277700012755,83.71824999994715,846.9277700012755,11.534779282000862,69.8315543376654
20260717_205539_controller_right,exp1_system_characterization,occlusion_recovery,trial_001,event_007,exp1_system_characterization/occlusion_recovery,Capture-Hold,Capture-Hold,223,1.0,1.0,0.6636771300448431,12.170710020494457,10.53882937382098,12.170710020494457,15.02840678664413,11.169367837337738,15.02840678664413,-55.21999999473337,218.1468000024324,31.823599997907877,91.12348000034672,264.7852999980387,999.9707999999374,264.7852999980387,999.9707999999374,11.534779282000862,69.8315543376654
20260717_205539_controller_right,exp1_system_characterization,occlusion_recovery,trial_001,event_007,exp1_system_characterization/occlusion_recovery,EgoAnchor,EgoAnchor,223,1.0,1.0,0.6457399103139013,1.5618030525543733,0.0,1.6007467040307382,4.028445217332062,0.0,4.127608838013455,-55.33139999897685,218.00242000026626,31.823599997907877,91.12348000034672,264.77629999862984,999.9632899984136,885.5955500002892,919.2739250029263,11.534779282000862,69.8315543376654
20260717_205539_controller_right,exp1_system_characterization,occlusion_recovery,trial_001,event_007,exp1_system_characterization/occlusion_recovery,One-Euro Anchor,One-Euro Anchor,223,1.0,1.0,0.6636771300448431,5.855182152858374,4.450358847179058,5.855182152858374,8.629964178978705,4.866105103236437,8.629964178978705,-55.185099998197984,218.17943999922133,31.823599997907877,91.12348000034672,264.7861000004923,999.9715300007666,264.7861000004923,999.9715300007666,11.534779282000862,69.8315543376654
20260717_205539_controller_right,exp1_system_characterization,occlusion_recovery,trial_001,event_008,exp1_system_characterization/occlusion_recovery,Arrival-Hold,Arrival-Hold,182,1.0,1.0,1.0,1.454516892820326,0.43791258268933886,2.37014985688284,3.731492312705134,1.2167874399212897,5.778942657340577,166.0761499988439,194.81222500326112,71.92700000107288,82.95454999990761,41.95244999937131,103.6642499973822,41.95244999937131,103.6642499973822,9.873515526813293,69.61957517827157
20260717_205539_controller_right,exp1_system_characterization,occlusion_recovery,trial_001,event_008,exp1_system_characterization/occlusion_recovery,Capture-Hold,Capture-Hold,182,1.0,1.0,1.0,1.2772506862207782,0.4668917477660022,2.050413766961509,3.7407147113982915,1.2316466605146497,5.787062285960867,166.10745000070892,194.8445250018267,71.92700000107288,82.95454999990761,216.06454999709968,265.4624549977598,216.06454999709968,265.4624549977598,9.873515526813293,69.61957517827157
20260717_205539_controller_right,exp1_system_characterization,occlusion_recovery,trial_001,event_008,exp1_system_characterization/occlusion_recovery,EgoAnchor,EgoAnchor,182,1.0,1.0,1.0,1.1744861613574402,0.03363081871611695,1.2086106983536609,3.5115324070325977,0.12836803812541975,3.617741491380568,165.99264999968,194.72685000073398,71.92700000107288,82.95454999990761,216.05455000099028,265.45278500379936,,,9.873515526813293,69.61957517827157
20260717_205539_controller_right,exp1_system_characterization,occlusion_recovery,trial_001,event_008,exp1_system_characterization/occlusion_recovery,One-Euro Anchor,One-Euro Anchor,182,1.0,1.0,1.0,1.2252920105967593,0.4088188934260464,1.7036498243313618,3.460044593927057,0.879908968289087,4.861222668077266,166.1373499991896,194.87552500322272,71.92700000107288,82.95454999990761,216.06525000242982,265.46335999737494,216.06525000242982,265.46335999737494,9.873515526813293,69.61957517827157
20260717_205539_controller_right,exp1_system_characterization,occlusion_recovery,trial_001,event_009,exp1_system_characterization/occlusion_recovery,Arrival-Hold,Arrival-Hold,245,1.0,1.0,0.6816326530612244,15.259479379294207,13.384994420653584,15.259479379294207,24.402464551861605,19.982842615910666,24.402464551861605,41.190500000084285,208.2954100020288,32.07579999603331,90.56858999691902,70.11929999862332,774.1480599979694,70.11929999862332,774.1480599979694,11.971699835964229,69.5997086853015
20260717_205539_controller_right,exp1_system_characterization,occlusion_recovery,trial_001,event_009,exp1_system_characterization/occlusion_recovery,Capture-Hold,Capture-Hold,245,1.0,1.0,0.6816326530612244,13.685441047200952,11.698747152503174,13.685441047200952,24.567087728476704,20.205542740195146,24.567087728476704,41.22990000178106,208.3324100029131,32.07579999603331,90.56858999691902,258.34539999777917,982.3937900051532,258.34539999777917,982.3937900051532,11.971699835964229,69.5997086853015
20260717_205539_controller_right,exp1_system_characterization,occlusion_recovery,trial_001,event_009,exp1_system_characterization/occlusion_recovery,EgoAnchor,EgoAnchor,245,1.0,1.0,0.673469387755102,1.230206247537303,0.0,2.1130416336694036,3.4899316357099397,0.0716129236548615,4.820198506415365,41.110599995590746,208.21470000009867,32.07579999603331,90.56858999691902,264.7360999981174,1066.1405900005773,848.4985000031884,878.7833800015505,11.971699835964229,69.5997086853015
20260717_205539_controller_right,exp1_system_characterization,occlusion_recovery,trial_001,event_009,exp1_system_characterization/occlusion_recovery,One-Euro Anchor,One-Euro Anchor,245,1.0,1.0,0.6816326530612244,4.576179164462732,2.6690903738855436,4.576179164462732,9.052214734184298,4.8265761626886805,9.052214734184298,41.260300000431016,208.36209000262897,32.07579999603331,90.56858999691902,258.34609999583336,982.3944200026743,258.34609999583336,982.3944200026743,11.971699835964229,69.5997086853015
20260717_205539_controller_right,exp1_system_characterization,occlusion_recovery,trial_001,event_010,exp1_system_characterization/occlusion_recovery,Arrival-Hold,Arrival-Hold,287,1.0,1.0,1.0,1.5629765630520978,0.5764741535232667,2.5008672661627345,3.333923322855303,1.0641329530561454,4.6443473399585455,181.91880000085803,298.65411500031774,72.86409999802709,84.10485000237823,48.5227000026498,105.01177000114694,48.5227000026498,105.01177000114694,9.579633645405066,61.017351691957636
20260717_205539_controller_right,exp1_system_characterization,occlusion_recovery,trial_001,event_010,exp1_system_characterization/occlusion_recovery,Capture-Hold,Capture-Hold,287,1.0,1.0,1.0,1.3851777454204097,0.5580180552372773,2.196550349979959,3.289828156141938,1.0391384195666578,4.666204120462038,181.95270000069286,298.6863450005331,72.86409999802709,84.10485000237823,235.79149999568472,346.07743999658845,235.79149999568472,346.07743999658845,9.579633645405066,61.017351691957636
20260717_205539_controller_right,exp1_system_characterization,occlusion_recovery,trial_001,event_010,exp1_system_characterization/occlusion_recovery,EgoAnchor,EgoAnchor,287,1.0,1.0,1.0,1.8688719534815197,0.19142129656039608,2.086145895245428,4.195951123072334,0.5935702102076803,4.710455565208874,181.84135000410606,298.571520000769,72.86409999802709,84.10485000237823,235.78160000033677,346.0698999995656,,,9.579633645405066,61.017351691957636
20260717_205539_controller_right,exp1_system_characterization,occlusion_recovery,trial_001,event_010,exp1_system_characterization/occlusion_recovery,One-Euro Anchor,One-Euro Anchor,287,1.0,1.0,1.0,1.4412733522497372,0.2882136926601089,1.789451267081104,3.1252642850963057,0.4876322210506965,3.918563163130449,181.9835000023886,298.71562500302394,72.86409999802709,84.10485000237823,235.7923999952618,346.0782399954041,235.7923999952618,346.0782399954041,9.579633645405066,61.017351691957636
20260717_205539_controller_right,exp1_system_characterization,occlusion_recovery,trial_001,event_011,exp1_system_characterization/occlusion_recovery,Arrival-Hold,Arrival-Hold,212,1.0,1.0,0.6792452830188679,39.66292414429305,37.281559885547125,39.66292414429305,25.425591716751548,21.766544242149152,25.425591716751548,98.41790000064066,235.93564000038896,32.692800000309944,87.65310000032184,70.58369999867864,719.8292499968373,70.58369999867864,719.8292499968373,10.7474513174981,70.41160991995763
20260717_205539_controller_right,exp1_system_characterization,occlusion_recovery,trial_001,event_011,exp1_system_characterization/occlusion_recovery,Capture-Hold,Capture-Hold,212,1.0,1.0,0.6792452830188679,38.0216068410751,36.79629368320864,38.0216068410751,25.604636504368106,21.928188275630472,25.604636504368106,98.45489999861456,235.96726000250783,32.692800000309944,87.65310000032184,277.4590500011982,901.302465000117,277.4590500011982,901.302465000117,10.7474513174981,70.41160991995763
20260717_205539_controller_right,exp1_system_characterization,occlusion_recovery,trial_001,event_011,exp1_system_characterization/occlusion_recovery,EgoAnchor,EgoAnchor,212,1.0,1.0,0.660377358490566,1.477207689518752,0.0,1.5954779512368256,3.518754281585651,0.05127663614853173,4.278851177505364,98.34260000206996,235.84616000152892,32.692800000309944,87.65310000032184,298.9223500007938,1025.834215001305,847.2060999993118,887.5673200018355,10.7474513174981,70.41160991995763
20260717_205539_controller_right,exp1_system_characterization,occlusion_recovery,trial_001,event_011,exp1_system_characterization/occlusion_recovery,One-Euro Anchor,One-Euro Anchor,212,1.0,1.0,0.6792452830188679,17.76961969869431,16.63032742734275,17.76961969869431,13.102177511046738,9.942136755130978,13.102177511046738,98.48870000132592,235.99670000112383,32.692800000309944,87.65310000032184,277.45985000001383,901.3032649989326,277.45985000001383,901.3032649989326,10.7474513174981,70.41160991995763
20260717_205539_controller_right,exp1_system_characterization,occlusion_recovery,trial_001,event_012,exp1_system_characterization/occlusion_recovery,Arrival-Hold,Arrival-Hold,166,1.0,1.0,1.0,1.2453278573560624,0.44642687878528453,1.881706149276066,3.4143727409885374,0.9646001273385094,5.21968398344495,181.71445000189124,249.5018199999322,72.51854999922216,89.016094998084,45.74710000088089,98.7676749991806,45.74710000088089,98.7676749991806,9.87707719763207,69.28470761805137
20260717_205539_controller_right,exp1_system_characterization,occlusion_recovery,trial_001,event_012,exp1_system_characterization/occlusion_recovery,Capture-Hold,Capture-Hold,166,1.0,1.0,1.0,1.0940757778774894,0.18519744776924285,1.6368555567896885,3.4691704957973206,0.945760514991369,5.283737352743987,181.74519999956829,249.53846999560483,72.51854999922216,89.016094998084,234.17824999705772,315.1984999967681,234.17824999705772,315.1984999967681,9.87707719763207,69.28470761805137
20260717_205539_controller_right,exp1_system_characterization,occlusion_recovery,trial_001,event_012,exp1_system_characterization/occlusion_recovery,EgoAnchor,EgoAnchor,166,1.0,1.0,1.0,1.1694488746117588,0.04230658889382566,1.2186230834200367,3.9655678192818042,0.15913913172491867,4.142984862448845,181.63164999714354,249.42125500092516,72.51854999922216,89.016094998084,234.16899999938323,315.1909749958577,,,9.87707719763207,69.28470761805137
20260717_205539_controller_right,exp1_system_characterization,occlusion_recovery,trial_001,event_012,exp1_system_characterization/occlusion_recovery,One-Euro Anchor,One-Euro Anchor,166,1.0,1.0,1.0,1.0327002782576236,0.16354169072643443,1.404638405183644,3.243465627822385,0.523434964649661,4.302947151449033,181.7716500008828,249.56814000033773,72.51854999922216,89.016094998084,234.17904999951134,315.19920000027923,234.17904999951134,315.19920000027923,9.87707719763207,69.28470761805137
20260717_205539_controller_right,exp1_system_characterization,occlusion_recovery,trial_001,event_013,exp1_system_characterization/occlusion_recovery,Arrival-Hold,Arrival-Hold,217,1.0,1.0,0.6267281105990783,8.932526522809551,33.06447261058793,35.303240512214856,8.792393701210333,4.943549096069937,8.792393701210333,-34.4041999996989,205.46854999520292,33.14455000124872,91.20087499916553,270.9185999992769,1384.8146999989694,93.91050000340329,906.2740499975916,10.518578544550499,68.25128885922373
20260717_205539_controller_right,exp1_system_characterization,occlusion_recovery,trial_001,event_013,exp1_system_characterization/occlusion_recovery,Capture-Hold,Capture-Hold,217,1.0,1.0,0.6267281105990783,6.47964350326389,32.695748854369285,34.09546441368513,8.88361500856247,4.751105702078631,8.88361500856247,-34.364999999525025,205.50797499709006,33.14455000124872,91.20087499916553,485.1367000010214,1579.5353499961493,277.6435500018124,1100.9956500001863,10.518578544550499,68.25128885922373
20260717_205539_controller_right,exp1_system_characterization,occlusion_recovery,trial_001,event_013,exp1_system_characterization/occlusion_recovery,EgoAnchor,EgoAnchor,217,1.0,1.0,0.5576036866359447,1.1039019650060313,0.0,1.1634793853783851,3.8654725816871123,0.0059555983392236556,3.886342984735905,-34.48750000097789,205.3751249986817,33.14455000124872,91.20087499916553,568.5381000002963,1662.9403000006278,,,10.518578544550499,68.25128885922373
20260717_205539_controller_right,exp1_system_characterization,occlusion_recovery,trial_001,event_013,exp1_system_characterization/occlusion_recovery,One-Euro Anchor,One-Euro Anchor,217,1.0,1.0,0.6267281105990783,2.09016184192344,12.280382069471258,12.999031372414073,5.144247258681593,1.2729207816913246,5.144247258681593,-34.33279999444494,205.5454249984905,33.14455000124872,91.20087499916553,485.13760000059847,1579.5360999982222,277.64440000100876,1100.996524999573,10.518578544550499,68.25128885922373
20260717_205539_controller_right,exp1_system_characterization,occlusion_recovery,trial_001,event_014,exp1_system_characterization/occlusion_recovery,Arrival-Hold,Arrival-Hold,532,1.0,1.0,0.9868421052631579,2.364864077303633,7.577876897379733,49.20494225212411,3.293055416071675,2.121525520713495,23.780251917239756,167.44405000281404,244.4751299950435,70.66014999896288,92.94591500107197,48.42800000187708,96.64885999955,48.42800000187708,96.64885999955,9.97158706341891,67.61789294240455
20260717_205539_controller_right,exp1_system_characterization,occlusion_recovery,trial_001,event_014,exp1_system_characterization/occlusion_recovery,Capture-Hold,Capture-Hold,532,1.0,1.0,0.9868421052631579,2.006773458163799,6.948081427051381,48.907766270824794,3.33050069518782,2.2988299638804173,23.820003420140388,167.47700000269106,244.51124000006482,70.66014999896288,92.94591500107197,223.3297999991919,307.9472600002191,223.3297999991919,307.9472600002191,9.97158706341891,67.61789294240455
20260717_205539_controller_right,exp1_system_characterization,occlusion_recovery,trial_001,event_014,exp1_system_characterization/occlusion_recovery,EgoAnchor,EgoAnchor,532,1.0,1.0,0.9868421052631579,1.2028606065647875,6.896216970526697,47.821629722293004,3.5818258040348376,0.3476092673094344,22.376963303845084,167.354350003734,244.38828499769394,70.66014999896288,92.94591500107197,223.36360000190325,319.46569999709027,289.06407952308655,949.2334899950947,9.97158706341891,67.61789294240455
20260717_205539_controller_right,exp1_system_characterization,occlusion_recovery,trial_001,event_014,exp1_system_characterization/occlusion_recovery,One-Euro Anchor,One-Euro Anchor,532,1.0,1.0,0.9868421052631579,1.8501440860166694,5.7975275381901605,41.49494352898893,3.148825081037342,1.9615458053433144,20.861472564416005,167.5131500014686,244.5442749973149,70.66014999896288,92.94591500107197,223.33079999953043,307.94847999641206,223.33079999953043,307.94847999641206,9.97158706341891,67.61789294240455
