experiment_id,scenario_id,condition_id,variant_label,metric_name,trial_count,median,iqr,p95
exp1_system_characterization,continuous_rotation,exp1_system_characterization/continuous_rotation,Arrival-Hold,reference_coverage,4,1.0,0.0,1.0
exp1_system_characterization,continuous_rotation,exp1_system_characterization/continuous_rotation,Arrival-Hold,display_coverage,4,1.0,0.0,1.0
exp1_system_characterization,continuous_rotation,exp1_system_characterization/continuous_rotation,Arrival-Hold,output_coverage,4,1.0,0.0,1.0
exp1_system_characterization,continuous_rotation,exp1_system_characterization/continuous_rotation,Arrival-Hold,translation_error_mm_median,4,6.367609706863703,2.105514283399355,8.009905528856272
exp1_system_characterization,continuous_rotation,exp1_system_characterization/continuous_rotation,Arrival-Hold,translation_error_mm_iqr,4,4.691769101744811,4.144922059134755,6.825086900154441
exp1_system_characterization,continuous_rotation,exp1_system_characterization/continuous_rotation,Arrival-Hold,translation_error_mm_p95,4,13.061317235518775,8.331335879708991,19.656237499582733
exp1_system_characterization,continuous_rotation,exp1_system_characterization/continuous_rotation,Arrival-Hold,rotation_error_deg_median,4,6.5082102963261415,3.4374651850934654,8.641277386439308
exp1_system_characterization,continuous_rotation,exp1_system_characterization/continuous_rotation,Arrival-Hold,rotation_error_deg_iqr,4,7.24920121086884,3.7262411432347484,8.606906633958717
exp1_system_characterization,continuous_rotation,exp1_system_characterization/continuous_rotation,Arrival-Hold,rotation_error_deg_p95,4,16.658420514354326,4.619618655787852,18.965556230765724
exp1_system_characterization,continuous_rotation,exp1_system_characterization/continuous_rotation,Arrival-Hold,candidate_arrival_p50_ms,4,166.59977499693923,0.09568750192556763,166.8987025050228
exp1_system_characterization,continuous_rotation,exp1_system_characterization/continuous_rotation,Arrival-Hold,candidate_arrival_p95_ms,4,197.30721499799984,7.105045002754167,206.90463999846543
exp1_system_characterization,continuous_rotation,exp1_system_characterization/continuous_rotation,Arrival-Hold,candidate_processing_p50_ms,4,75.83224999997765,0.3189249993301928,76.2238100023009
exp1_system_characterization,continuous_rotation,exp1_system_characterization/continuous_rotation,Arrival-Hold,candidate_processing_p95_ms,4,87.46630250178276,2.247701248712829,88.62545499943197
exp1_system_characterization,continuous_rotation,exp1_system_characterization/continuous_rotation,Arrival-Hold,observation_age_p50_ms,4,48.71425000055751,0.4359499953352497,49.068917496697395
exp1_system_characterization,continuous_rotation,exp1_system_characterization/continuous_rotation,Arrival-Hold,observation_age_p95_ms,4,98.66970749935717,0.2960937506031769,98.78858774887703
exp1_system_characterization,continuous_rotation,exp1_system_characterization/continuous_rotation,Arrival-Hold,smoothing_delay_p50_ms,4,48.71425000055751,0.4359499953352497,49.068917496697395
exp1_system_characterization,continuous_rotation,exp1_system_characterization/continuous_rotation,Arrival-Hold,smoothing_delay_p95_ms,4,98.66970749935717,0.2960937506031769,98.78858774887703
exp1_system_characterization,continuous_rotation,exp1_system_characterization/continuous_rotation,Arrival-Hold,visual_perception_hz,4,9.59061017677408,0.04511996688853692,9.630780745491538
exp1_system_characterization,continuous_rotation,exp1_system_characterization/continuous_rotation,Arrival-Hold,render_hz,4,69.81352938956937,0.47310407190154535,70.81834488881645
exp1_system_characterization,continuous_rotation,exp1_system_characterization/continuous_rotation,Capture-Hold,reference_coverage,4,1.0,0.0,1.0
exp1_system_characterization,continuous_rotation,exp1_system_characterization/continuous_rotation,Capture-Hold,display_coverage,4,1.0,0.0,1.0
exp1_system_characterization,continuous_rotation,exp1_system_characterization/continuous_rotation,Capture-Hold,output_coverage,4,1.0,0.0,1.0
exp1_system_characterization,continuous_rotation,exp1_system_characterization/continuous_rotation,Capture-Hold,translation_error_mm_median,4,6.264196844135613,2.0007739196029286,8.075434644428507
exp1_system_characterization,continuous_rotation,exp1_system_characterization/continuous_rotation,Capture-Hold,translation_error_mm_iqr,4,4.432279273510865,4.330543937705492,6.782232122934659
exp1_system_characterization,continuous_rotation,exp1_system_characterization/continuous_rotation,Capture-Hold,translation_error_mm_p95,4,12.60671098764409,7.82567613537595,19.643315545303512
exp1_system_characterization,continuous_rotation,exp1_system_characterization/continuous_rotation,Capture-Hold,rotation_error_deg_median,4,6.519663246811079,3.5005002397915073,8.763461427200221
exp1_system_characterization,continuous_rotation,exp1_system_characterization/continuous_rotation,Capture-Hold,rotation_error_deg_iqr,4,7.208983594385721,3.617442549533422,8.566045050586002
exp1_system_characterization,continuous_rotation,exp1_system_characterization/continuous_rotation,Capture-Hold,rotation_error_deg_p95,4,16.668012833905614,4.639422443818765,19.008252769628047
exp1_system_characterization,continuous_rotation,exp1_system_characterization/continuous_rotation,Capture-Hold,candidate_arrival_p50_ms,4,166.6339749990584,0.09641250198910711,166.9334175012409
exp1_system_characterization,continuous_rotation,exp1_system_characterization/continuous_rotation,Capture-Hold,candidate_arrival_p95_ms,4,197.3469849992398,7.11899375273785,206.94041375172674
exp1_system_characterization,continuous_rotation,exp1_system_characterization/continuous_rotation,Capture-Hold,candidate_processing_p50_ms,4,75.83224999997765,0.3189249993301928,76.2238100023009
exp1_system_characterization,continuous_rotation,exp1_system_characterization/continuous_rotation,Capture-Hold,candidate_processing_p95_ms,4,87.46630250178276,2.247701248712829,88.62545499943197
exp1_system_characterization,continuous_rotation,exp1_system_characterization/continuous_rotation,Capture-Hold,observation_age_p50_ms,4,216.33775000373134,1.4695124973513884,221.20742499882908
exp1_system_characterization,continuous_rotation,exp1_system_characterization/continuous_rotation,Capture-Hold,observation_age_p95_ms,4,271.8672599996353,12.100956253107142,278.22364024921626
exp1_system_characterization,continuous_rotation,exp1_system_characterization/continuous_rotation,Capture-Hold,smoothing_delay_p50_ms,4,216.33775000373134,1.4695124973513884,221.20742499882908
exp1_system_characterization,continuous_rotation,exp1_system_characterization/continuous_rotation,Capture-Hold,smoothing_delay_p95_ms,4,271.8672599996353,12.100956253107142,278.22364024921626
exp1_system_characterization,continuous_rotation,exp1_system_characterization/continuous_rotation,Capture-Hold,visual_perception_hz,4,9.59061017677408,0.04511996688853692,9.630780745491538
exp1_system_characterization,continuous_rotation,exp1_system_characterization/continuous_rotation,Capture-Hold,render_hz,4,69.81352938956937,0.47310407190154535,70.81834488881645
exp1_system_characterization,continuous_rotation,exp1_system_characterization/continuous_rotation,One-Euro Anchor,reference_coverage,4,1.0,0.0,1.0
exp1_system_characterization,continuous_rotation,exp1_system_characterization/continuous_rotation,One-Euro Anchor,display_coverage,4,1.0,0.0,1.0
exp1_system_characterization,continuous_rotation,exp1_system_characterization/continuous_rotation,One-Euro Anchor,output_coverage,4,1.0,0.0,1.0
exp1_system_characterization,continuous_rotation,exp1_system_characterization/continuous_rotation,One-Euro Anchor,translation_error_mm_median,4,6.803124090073059,3.308344489175159,10.191359724941206
exp1_system_characterization,continuous_rotation,exp1_system_characterization/continuous_rotation,One-Euro Anchor,translation_error_mm_iqr,4,5.156737007253217,5.886991532222933,8.751119379290037
exp1_system_characterization,continuous_rotation,exp1_system_characterization/continuous_rotation,One-Euro Anchor,translation_error_mm_p95,4,14.865359567511108,11.805740470349473,22.560018074133485
exp1_system_characterization,continuous_rotation,exp1_system_characterization/continuous_rotation,One-Euro Anchor,rotation_error_deg_median,4,9.535647849486908,5.523493622217295,12.978264267700434
exp1_system_characterization,continuous_rotation,exp1_system_characterization/continuous_rotation,One-Euro Anchor,rotation_error_deg_iqr,4,9.268319684410748,4.773758817726014,11.795447043162014
exp1_system_characterization,continuous_rotation,exp1_system_characterization/continuous_rotation,One-Euro Anchor,rotation_error_deg_p95,4,20.296669138763107,8.599963024751915,25.88329840417191
exp1_system_characterization,continuous_rotation,exp1_system_characterization/continuous_rotation,One-Euro Anchor,candidate_arrival_p50_ms,4,166.66130000157864,0.10125000153493602,166.9639100011409
exp1_system_characterization,continuous_rotation,exp1_system_characterization/continuous_rotation,One-Euro Anchor,candidate_arrival_p95_ms,4,197.39928000162763,7.156062501053356,206.97677350242884
exp1_system_characterization,continuous_rotation,exp1_system_characterization/continuous_rotation,One-Euro Anchor,candidate_processing_p50_ms,4,75.83224999997765,0.3189249993301928,76.2238100023009
exp1_system_characterization,continuous_rotation,exp1_system_characterization/continuous_rotation,One-Euro Anchor,candidate_processing_p95_ms,4,87.46630250178276,2.247701248712829,88.62545499943197
exp1_system_characterization,continuous_rotation,exp1_system_characterization/continuous_rotation,One-Euro Anchor,observation_age_p50_ms,4,216.33845000178553,1.4695999989271513,221.2079699987953
exp1_system_characterization,continuous_rotation,exp1_system_characterization/continuous_rotation,One-Euro Anchor,observation_age_p95_ms,4,271.86795749767043,12.100872504288418,278.224254752804
exp1_system_characterization,continuous_rotation,exp1_system_characterization/continuous_rotation,One-Euro Anchor,smoothing_delay_p50_ms,4,216.33845000178553,1.4695999989271513,221.2079699987953
exp1_system_characterization,continuous_rotation,exp1_system_characterization/continuous_rotation,One-Euro Anchor,smoothing_delay_p95_ms,4,271.86795749767043,12.100872504288418,278.224254752804
exp1_system_characterization,continuous_rotation,exp1_system_characterization/continuous_rotation,One-Euro Anchor,visual_perception_hz,4,9.59061017677408,0.04511996688853692,9.630780745491538
exp1_system_characterization,continuous_rotation,exp1_system_characterization/continuous_rotation,One-Euro Anchor,render_hz,4,69.81352938956937,0.47310407190154535,70.81834488881645
exp1_system_characterization,continuous_rotation,exp1_system_characterization/continuous_rotation,EgoAnchor,reference_coverage,4,1.0,0.0,1.0
exp1_system_characterization,continuous_rotation,exp1_system_characterization/continuous_rotation,EgoAnchor,display_coverage,4,1.0,0.0,1.0
exp1_system_characterization,continuous_rotation,exp1_system_characterization/continuous_rotation,EgoAnchor,output_coverage,4,1.0,0.0,1.0
exp1_system_characterization,continuous_rotation,exp1_system_characterization/continuous_rotation,EgoAnchor,translation_error_mm_median,4,7.024098080019118,3.022398319317805,9.471072590121038
exp1_system_characterization,continuous_rotation,exp1_system_characterization/continuous_rotation,EgoAnchor,translation_error_mm_iqr,4,5.149287009936099,5.179935014495653,8.08484196598861
exp1_system_characterization,continuous_rotation,exp1_system_characterization/continuous_rotation,EgoAnchor,translation_error_mm_p95,4,14.403674902041345,9.986283050234793,23.359793443594825
exp1_system_characterization,continuous_rotation,exp1_system_characterization/continuous_rotation,EgoAnchor,rotation_error_deg_median,4,8.492553026862385,4.903008571916889,12.022005555417609
exp1_system_characterization,continuous_rotation,exp1_system_characterization/continuous_rotation,EgoAnchor,rotation_error_deg_iqr,4,9.038131047127212,3.6486252102302457,10.628863361044395
exp1_system_characterization,continuous_rotation,exp1_system_characterization/continuous_rotation,EgoAnchor,rotation_error_deg_p95,4,20.927348979492105,4.82894916691161,22.719054595905828
exp1_system_characterization,continuous_rotation,exp1_system_characterization/continuous_rotation,EgoAnchor,candidate_arrival_p50_ms,4,166.51694999745814,0.09247499838238582,166.8142450016603
exp1_system_characterization,continuous_rotation,exp1_system_characterization/continuous_rotation,EgoAnchor,candidate_arrival_p95_ms,4,197.21008499946038,7.088412500979729,206.82204850012567
exp1_system_characterization,continuous_rotation,exp1_system_characterization/continuous_rotation,EgoAnchor,candidate_processing_p50_ms,4,75.83224999997765,0.3189249993301928,76.2238100023009
exp1_system_characterization,continuous_rotation,exp1_system_characterization/continuous_rotation,EgoAnchor,candidate_processing_p95_ms,4,87.46630250178276,2.247701248712829,88.62545499943197
exp1_system_characterization,continuous_rotation,exp1_system_characterization/continuous_rotation,EgoAnchor,observation_age_p50_ms,4,216.32660000250326,1.4692249978907057,221.19671749842382
exp1_system_characterization,continuous_rotation,exp1_system_characterization/continuous_rotation,EgoAnchor,observation_age_p95_ms,4,271.85644749934,12.100990005819767,278.21127925368273
exp1_system_characterization,continuous_rotation,exp1_system_characterization/continuous_rotation,EgoAnchor,smoothing_delay_p50_ms,4,282.86899626255035,4.036523401737213,288.7002497911453
exp1_system_characterization,continuous_rotation,exp1_system_characterization/continuous_rotation,EgoAnchor,smoothing_delay_p95_ms,4,305.80021515488625,25.909453257918358,323.4992776811123
exp1_system_characterization,continuous_rotation,exp1_system_characterization/continuous_rotation,EgoAnchor,visual_perception_hz,4,9.59061017677408,0.04511996688853692,9.630780745491538
exp1_system_characterization,continuous_rotation,exp1_system_characterization/continuous_rotation,EgoAnchor,render_hz,4,69.81352938956937,0.47310407190154535,70.81834488881645
exp1_system_characterization,continuous_translation,exp1_system_characterization/continuous_translation,Arrival-Hold,reference_coverage,19,1.0,0.0,1.0
exp1_system_characterization,continuous_translation,exp1_system_characterization/continuous_translation,Arrival-Hold,display_coverage,19,1.0,0.0,1.0
exp1_system_characterization,continuous_translation,exp1_system_characterization/continuous_translation,Arrival-Hold,output_coverage,19,1.0,0.0,1.0
exp1_system_characterization,continuous_translation,exp1_system_characterization/continuous_translation,Arrival-Hold,translation_error_mm_median,19,43.76052490137072,8.494138367102494,58.623597832745226
exp1_system_characterization,continuous_translation,exp1_system_characterization/continuous_translation,Arrival-Hold,translation_error_mm_iqr,19,24.745533336671155,10.343458043787969,37.162055761531235
exp1_system_characterization,continuous_translation,exp1_system_characterization/continuous_translation,Arrival-Hold,translation_error_mm_p95,19,73.96147369220625,15.426193360004348,102.03628731209778
exp1_system_characterization,continuous_translation,exp1_system_characterization/continuous_translation,Arrival-Hold,rotation_error_deg_median,19,3.7896526947772995,1.9201940573012317,6.492394330415077
exp1_system_characterization,continuous_translation,exp1_system_characterization/continuous_translation,Arrival-Hold,rotation_error_deg_iqr,19,1.795123752661648,1.3800894085433724,7.439485539562019
exp1_system_characterization,continuous_translation,exp1_system_characterization/continuous_translation,Arrival-Hold,rotation_error_deg_p95,19,6.6287000569828685,2.900005554814424,63.351705327765686
exp1_system_characterization,continuous_translation,exp1_system_characterization/continuous_translation,Arrival-Hold,candidate_arrival_p50_ms,19,166.91815000376664,0.5062249983893707,175.52482500032056
exp1_system_characterization,continuous_translation,exp1_system_characterization/continuous_translation,Arrival-Hold,candidate_arrival_p95_ms,19,194.25910000427393,15.618922504108866,209.8777314998733
exp1_system_characterization,continuous_translation,exp1_system_characterization/continuous_translation,Arrival-Hold,candidate_processing_p50_ms,19,75.7538000009954,2.108300001360476,77.20078999996186
exp1_system_characterization,continuous_translation,exp1_system_characterization/continuous_translation,Arrival-Hold,candidate_processing_p95_ms,19,84.59570000134408,3.1454049977473915,90.82659899942573
exp1_system_characterization,continuous_translation,exp1_system_characterization/continuous_translation,Arrival-Hold,observation_age_p50_ms,19,48.811600005137734,4.591949997120537,49.447375002273475
exp1_system_characterization,continuous_translation,exp1_system_characterization/continuous_translation,Arrival-Hold,observation_age_p95_ms,19,98.25520000013057,1.1817025042546305,104.90691800154309
exp1_system_characterization,continuous_translation,exp1_system_characterization/continuous_translation,Arrival-Hold,smoothing_delay_p50_ms,19,48.811600005137734,4.591949997120537,49.447375002273475
exp1_system_characterization,continuous_translation,exp1_system_characterization/continuous_translation,Arrival-Hold,smoothing_delay_p95_ms,19,98.25520000013057,1.1817025042546305,104.90691800154309
exp1_system_characterization,continuous_translation,exp1_system_characterization/continuous_translation,Arrival-Hold,visual_perception_hz,19,9.554302224107369,0.2509694016622994,10.096602686404609
exp1_system_characterization,continuous_translation,exp1_system_characterization/continuous_translation,Arrival-Hold,render_hz,19,68.92897874886533,2.2016349438866882,70.4951399749956
exp1_system_characterization,continuous_translation,exp1_system_characterization/continuous_translation,Capture-Hold,reference_coverage,19,1.0,0.0,1.0
exp1_system_characterization,continuous_translation,exp1_system_characterization/continuous_translation,Capture-Hold,display_coverage,19,1.0,0.0,1.0
exp1_system_characterization,continuous_translation,exp1_system_characterization/continuous_translation,Capture-Hold,output_coverage,19,1.0,0.0,1.0
exp1_system_characterization,continuous_translation,exp1_system_characterization/continuous_translation,Capture-Hold,translation_error_mm_median,19,62.93127623660993,16.251550027378258,76.22685165282705
exp1_system_characterization,continuous_translation,exp1_system_characterization/continuous_translation,Capture-Hold,translation_error_mm_iqr,19,34.19300315865725,12.722311787882003,48.989603665901505
exp1_system_characterization,continuous_translation,exp1_system_characterization/continuous_translation,Capture-Hold,translation_error_mm_p95,19,98.89677333459909,26.40994187418363,119.02193610456966
exp1_system_characterization,continuous_translation,exp1_system_characterization/continuous_translation,Capture-Hold,rotation_error_deg_median,19,4.447819796012835,2.7063079813254376,8.31627325494276
exp1_system_characterization,continuous_translation,exp1_system_characterization/continuous_translation,Capture-Hold,rotation_error_deg_iqr,19,2.196882080869491,1.960299728412374,8.885533350031547
exp1_system_characterization,continuous_translation,exp1_system_characterization/continuous_translation,Capture-Hold,rotation_error_deg_p95,19,8.32737644047909,4.239222219218652,63.26324585561954
exp1_system_characterization,continuous_translation,exp1_system_characterization/continuous_translation,Capture-Hold,candidate_arrival_p50_ms,19,166.94949999873643,0.5244000039965613,175.56243500184792
exp1_system_characterization,continuous_translation,exp1_system_characterization/continuous_translation,Capture-Hold,candidate_arrival_p95_ms,19,194.2992000040249,15.628225002546912,209.9107510043177
exp1_system_characterization,continuous_translation,exp1_system_characterization/continuous_translation,Capture-Hold,candidate_processing_p50_ms,19,75.7538000009954,2.108300001360476,77.20078999996186
exp1_system_characterization,continuous_translation,exp1_system_characterization/continuous_translation,Capture-Hold,candidate_processing_p95_ms,19,84.59570000134408,3.1454049977473915,90.82659899942573
exp1_system_characterization,continuous_translation,exp1_system_characterization/continuous_translation,Capture-Hold,observation_age_p50_ms,19,216.9720000019879,5.1784500010398915,223.3015499979956
exp1_system_characterization,continuous_translation,exp1_system_characterization/continuous_translation,Capture-Hold,observation_age_p95_ms,19,265.9654999981285,11.874020001960162,277.9327900003409
exp1_system_characterization,continuous_translation,exp1_system_characterization/continuous_translation,Capture-Hold,smoothing_delay_p50_ms,19,216.9720000019879,5.1784500010398915,223.3015499979956
exp1_system_characterization,continuous_translation,exp1_system_characterization/continuous_translation,Capture-Hold,smoothing_delay_p95_ms,19,265.9654999981285,11.874020001960162,277.9327900003409
exp1_system_characterization,continuous_translation,exp1_system_characterization/continuous_translation,Capture-Hold,visual_perception_hz,19,9.554302224107369,0.2509694016622994,10.096602686404609
exp1_system_characterization,continuous_translation,exp1_system_characterization/continuous_translation,Capture-Hold,render_hz,19,68.92897874886533,2.2016349438866882,70.4951399749956
exp1_system_characterization,continuous_translation,exp1_system_characterization/continuous_translation,One-Euro Anchor,reference_coverage,19,1.0,0.0,1.0
exp1_system_characterization,continuous_translation,exp1_system_characterization/continuous_translation,One-Euro Anchor,display_coverage,19,1.0,0.0,1.0
exp1_system_characterization,continuous_translation,exp1_system_characterization/continuous_translation,One-Euro Anchor,output_coverage,19,1.0,0.0,1.0
exp1_system_characterization,continuous_translation,exp1_system_characterization/continuous_translation,One-Euro Anchor,translation_error_mm_median,19,95.04721540021572,23.78017400390263,115.8187203238905
exp1_system_characterization,continuous_translation,exp1_system_characterization/continuous_translation,One-Euro Anchor,translation_error_mm_iqr,19,51.45657517159577,25.448673304077438,71.07523974546336
exp1_system_characterization,continuous_translation,exp1_system_characterization/continuous_translation,One-Euro Anchor,translation_error_mm_p95,19,139.15297510308525,36.6837492406286,168.54997181153882
exp1_system_characterization,continuous_translation,exp1_system_characterization/continuous_translation,One-Euro Anchor,rotation_error_deg_median,19,6.002710475427743,4.112559788897368,10.577558990077426
exp1_system_characterization,continuous_translation,exp1_system_characterization/continuous_translation,One-Euro Anchor,rotation_error_deg_iqr,19,3.2142911743223266,3.2788298102320734,11.354981840223928
exp1_system_characterization,continuous_translation,exp1_system_characterization/continuous_translation,One-Euro Anchor,rotation_error_deg_p95,19,10.329051255686567,6.724291622482161,55.615396805581476
exp1_system_characterization,continuous_translation,exp1_system_characterization/continuous_translation,One-Euro Anchor,candidate_arrival_p50_ms,19,166.9809000013629,0.5581000023084925,175.59865500297747
exp1_system_characterization,continuous_translation,exp1_system_characterization/continuous_translation,One-Euro Anchor,candidate_arrival_p95_ms,19,194.33389999903738,15.632080005707337,209.94095550177005
exp1_system_characterization,continuous_translation,exp1_system_characterization/continuous_translation,One-Euro Anchor,candidate_processing_p50_ms,19,75.7538000009954,2.108300001360476,77.20078999996186
exp1_system_characterization,continuous_translation,exp1_system_characterization/continuous_translation,One-Euro Anchor,candidate_processing_p95_ms,19,84.59570000134408,3.1454049977473915,90.82659899942573
exp1_system_characterization,continuous_translation,exp1_system_characterization/continuous_translation,One-Euro Anchor,observation_age_p50_ms,19,216.9727000000421,5.178400004297146,223.30236000343575
exp1_system_characterization,continuous_translation,exp1_system_characterization/continuous_translation,One-Euro Anchor,observation_age_p95_ms,19,265.9663599959458,11.874047502715257,277.93358000562876
exp1_system_characterization,continuous_translation,exp1_system_characterization/continuous_translation,One-Euro Anchor,smoothing_delay_p50_ms,19,216.9727000000421,5.178400004297146,223.30236000343575
exp1_system_characterization,continuous_translation,exp1_system_characterization/continuous_translation,One-Euro Anchor,smoothing_delay_p95_ms,19,265.9663599959458,11.874047502715257,277.93358000562876
exp1_system_characterization,continuous_translation,exp1_system_characterization/continuous_translation,One-Euro Anchor,visual_perception_hz,19,9.554302224107369,0.2509694016622994,10.096602686404609
exp1_system_characterization,continuous_translation,exp1_system_characterization/continuous_translation,One-Euro Anchor,render_hz,19,68.92897874886533,2.2016349438866882,70.4951399749956
exp1_system_characterization,continuous_translation,exp1_system_characterization/continuous_translation,EgoAnchor,reference_coverage,19,1.0,0.0,1.0
exp1_system_characterization,continuous_translation,exp1_system_characterization/continuous_translation,EgoAnchor,display_coverage,19,1.0,0.0,1.0
exp1_system_characterization,continuous_translation,exp1_system_characterization/continuous_translation,EgoAnchor,output_coverage,19,1.0,0.0,1.0
exp1_system_characterization,continuous_translation,exp1_system_characterization/continuous_translation,EgoAnchor,translation_error_mm_median,19,82.68013817064585,19.024084396943536,97.58103648442714
exp1_system_characterization,continuous_translation,exp1_system_characterization/continuous_translation,EgoAnchor,translation_error_mm_iqr,19,42.75612258742636,20.070041865772172,64.14551072551487
exp1_system_characterization,continuous_translation,exp1_system_characterization/continuous_translation,EgoAnchor,translation_error_mm_p95,19,111.8153686954683,22.550003382243816,137.9601507819749
exp1_system_characterization,continuous_translation,exp1_system_characterization/continuous_translation,EgoAnchor,rotation_error_deg_median,19,5.948972204559309,4.079925947611453,10.157990416925244
exp1_system_characterization,continuous_translation,exp1_system_characterization/continuous_translation,EgoAnchor,rotation_error_deg_iqr,19,2.2419809089245124,2.9340921511088256,11.766072680073586
exp1_system_characterization,continuous_translation,exp1_system_characterization/continuous_translation,EgoAnchor,rotation_error_deg_p95,19,9.378841631724423,5.056646692879964,59.6273200665656
exp1_system_characterization,continuous_translation,exp1_system_characterization/continuous_translation,EgoAnchor,candidate_arrival_p50_ms,19,166.83464999732678,0.49687499995343387,175.43262500075798
exp1_system_characterization,continuous_translation,exp1_system_characterization/continuous_translation,EgoAnchor,candidate_arrival_p95_ms,19,194.1755000007106,15.609620003488033,209.78503750287925
exp1_system_characterization,continuous_translation,exp1_system_characterization/continuous_translation,EgoAnchor,candidate_processing_p50_ms,19,75.7538000009954,2.108300001360476,77.20078999996186
exp1_system_characterization,continuous_translation,exp1_system_characterization/continuous_translation,EgoAnchor,candidate_processing_p95_ms,19,84.59570000134408,3.1454049977473915,90.82659899942573
exp1_system_characterization,continuous_translation,exp1_system_characterization/continuous_translation,EgoAnchor,observation_age_p50_ms,19,216.98235000076238,5.179075002160971,223.29424000126892
exp1_system_characterization,continuous_translation,exp1_system_characterization/continuous_translation,EgoAnchor,observation_age_p95_ms,19,265.9565999987535,11.874272504792316,277.9244000012113
exp1_system_characterization,continuous_translation,exp1_system_characterization/continuous_translation,EgoAnchor,smoothing_delay_p50_ms,19,284.9063277244568,7.039904594421387,292.54170060157776
exp1_system_characterization,continuous_translation,exp1_system_characterization/continuous_translation,EgoAnchor,smoothing_delay_p95_ms,19,292.93130338191986,11.216692626476288,359.1120830096395
exp1_system_characterization,continuous_translation,exp1_system_characterization/continuous_translation,EgoAnchor,visual_perception_hz,19,9.554302224107369,0.2509694016622994,10.096602686404609
exp1_system_characterization,continuous_translation,exp1_system_characterization/continuous_translation,EgoAnchor,render_hz,19,68.92897874886533,2.2016349438866882,70.4951399749956
exp1_system_characterization,occlusion_recovery,exp1_system_characterization/occlusion_recovery,Arrival-Hold,reference_coverage,15,1.0,0.0,1.0
exp1_system_characterization,occlusion_recovery,exp1_system_characterization/occlusion_recovery,Arrival-Hold,display_coverage,15,1.0,0.0,1.0
exp1_system_characterization,occlusion_recovery,exp1_system_characterization/occlusion_recovery,Arrival-Hold,output_coverage,15,0.9366153846153846,0.3285387934681445,1.0
exp1_system_characterization,occlusion_recovery,exp1_system_characterization/occlusion_recovery,Arrival-Hold,translation_error_mm_median,15,4.355750139220045,16.49706049783621,50.63557312177358
exp1_system_characterization,occlusion_recovery,exp1_system_characterization/occlusion_recovery,Arrival-Hold,translation_error_mm_iqr,15,7.577876897379733,24.805595747218117,46.32430365284527
exp1_system_characterization,occlusion_recovery,exp1_system_characterization/occlusion_recovery,Arrival-Hold,translation_error_mm_p95,15,15.259479379294207,41.94376170102371,52.88879084365709
exp1_system_characterization,occlusion_recovery,exp1_system_characterization/occlusion_recovery,Arrival-Hold,rotation_error_deg_median,15,3.731492312705134,18.856826474973296,33.98283159505563
exp1_system_characterization,occlusion_recovery,exp1_system_characterization/occlusion_recovery,Arrival-Hold,rotation_error_deg_iqr,15,2.1588331142784734,16.820057980165206,29.451888136445035
exp1_system_characterization,occlusion_recovery,exp1_system_characterization/occlusion_recovery,Arrival-Hold,rotation_error_deg_p95,15,15.246084895736114,19.525890295067054,42.27357967782893
exp1_system_characterization,occlusion_recovery,exp1_system_characterization/occlusion_recovery,Arrival-Hold,candidate_arrival_p50_ms,15,166.0761499988439,160.4378749998432,181.77575500158127
exp1_system_characterization,occlusion_recovery,exp1_system_characterization/occlusion_recovery,Arrival-Hold,candidate_arrival_p95_ms,15,235.93564000038896,43.583775000479136,309.01380650004273
exp1_system_characterization,occlusion_recovery,exp1_system_characterization/occlusion_recovery,Arrival-Hold,candidate_processing_p50_ms,15,70.66014999896288,40.73389999754727,74.37256999984383
exp1_system_characterization,occlusion_recovery,exp1_system_characterization/occlusion_recovery,Arrival-Hold,candidate_processing_p95_ms,15,87.65310000032184,6.752837498392822,93.16547450145704
exp1_system_characterization,occlusion_recovery,exp1_system_characterization/occlusion_recovery,Arrival-Hold,observation_age_p50_ms,15,49.28070000096341,23.263949997271993,139.87835499974588
exp1_system_characterization,occlusion_recovery,exp1_system_characterization/occlusion_recovery,Arrival-Hold,observation_age_p95_ms,15,106.40024999702295,651.8036175000816,1008.2938490005831
exp1_system_characterization,occlusion_recovery,exp1_system_characterization/occlusion_recovery,Arrival-Hold,smoothing_delay_p50_ms,15,49.28070000096341,23.263949997271993,86.77592500098397
exp1_system_characterization,occlusion_recovery,exp1_system_characterization/occlusion_recovery,Arrival-Hold,smoothing_delay_p95_ms,15,106.40024999702295,651.8036175000816,864.7316540001702
exp1_system_characterization,occlusion_recovery,exp1_system_characterization/occlusion_recovery,Arrival-Hold,visual_perception_hz,15,10.0008407106745,1.4816889295148385,13.247198246818192
exp1_system_characterization,occlusion_recovery,exp1_system_characterization/occlusion_recovery,Arrival-Hold,render_hz,15,66.98839959277817,4.0959719061863495,70.00557101235306
exp1_system_characterization,occlusion_recovery,exp1_system_characterization/occlusion_recovery,Capture-Hold,reference_coverage,15,1.0,0.0,1.0
exp1_system_characterization,occlusion_recovery,exp1_system_characterization/occlusion_recovery,Capture-Hold,display_coverage,15,1.0,0.0,1.0
exp1_system_characterization,occlusion_recovery,exp1_system_characterization/occlusion_recovery,Capture-Hold,output_coverage,15,0.9366153846153846,0.3285387934681445,1.0
exp1_system_characterization,occlusion_recovery,exp1_system_characterization/occlusion_recovery,Capture-Hold,translation_error_mm_median,15,3.4616490023077633,15.763727760856463,49.8550623632476
exp1_system_characterization,occlusion_recovery,exp1_system_characterization/occlusion_recovery,Capture-Hold,translation_error_mm_iqr,15,6.948081427051381,24.847074223344578,47.53007330126669
exp1_system_characterization,occlusion_recovery,exp1_system_characterization/occlusion_recovery,Capture-Hold,translation_error_mm_p95,15,13.685441047200952,41.19742733641589,52.388486344470664
exp1_system_characterization,occlusion_recovery,exp1_system_characterization/occlusion_recovery,Capture-Hold,rotation_error_deg_median,15,3.7407147113982915,18.933905793952377,34.10275655664668
exp1_system_characterization,occlusion_recovery,exp1_system_characterization/occlusion_recovery,Capture-Hold,rotation_error_deg_iqr,15,2.2988299638804173,16.893688879444234,29.456305423971568
exp1_system_characterization,occlusion_recovery,exp1_system_characterization/occlusion_recovery,Capture-Hold,rotation_error_deg_p95,15,15.02840678664413,19.662948358418795,42.48004776256278
exp1_system_characterization,occlusion_recovery,exp1_system_characterization/occlusion_recovery,Capture-Hold,candidate_arrival_p50_ms,15,166.10745000070892,160.436350000964,181.80744999990566
exp1_system_characterization,occlusion_recovery,exp1_system_characterization/occlusion_recovery,Capture-Hold,candidate_arrival_p95_ms,15,235.96726000250783,43.57654249797611,309.04741950009327
exp1_system_characterization,occlusion_recovery,exp1_system_characterization/occlusion_recovery,Capture-Hold,candidate_processing_p50_ms,15,70.66014999896288,40.73389999754727,74.37256999984383
exp1_system_characterization,occlusion_recovery,exp1_system_characterization/occlusion_recovery,Capture-Hold,candidate_processing_p95_ms,15,87.65310000032184,6.752837498392822,93.16547450145704
exp1_system_characterization,occlusion_recovery,exp1_system_characterization/occlusion_recovery,Capture-Hold,observation_age_p50_ms,15,235.79149999568472,34.91937500075437,339.7623450011449
exp1_system_characterization,occlusion_recovery,exp1_system_characterization/occlusion_recovery,Capture-Hold,observation_age_p95_ms,15,403.10212000258616,636.3953400077662,1179.5908924993994
exp1_system_characterization,occlusion_recovery,exp1_system_characterization/occlusion_recovery,Capture-Hold,smoothing_delay_p50_ms,15,235.79149999568472,34.91937500075437,277.51440000138246
exp1_system_characterization,occlusion_recovery,exp1_system_characterization/occlusion_recovery,Capture-Hold,smoothing_delay_p95_ms,15,403.10212000258616,636.3953400077662,1036.028982500611
exp1_system_characterization,occlusion_recovery,exp1_system_characterization/occlusion_recovery,Capture-Hold,visual_perception_hz,15,10.0008407106745,1.4816889295148385,13.247198246818192
exp1_system_characterization,occlusion_recovery,exp1_system_characterization/occlusion_recovery,Capture-Hold,render_hz,15,66.98839959277817,4.0959719061863495,70.00557101235306
exp1_system_characterization,occlusion_recovery,exp1_system_characterization/occlusion_recovery,One-Euro Anchor,reference_coverage,15,1.0,0.0,1.0
exp1_system_characterization,occlusion_recovery,exp1_system_characterization/occlusion_recovery,One-Euro Anchor,display_coverage,15,1.0,0.0,1.0
exp1_system_characterization,occlusion_recovery,exp1_system_characterization/occlusion_recovery,One-Euro Anchor,output_coverage,15,0.9366153846153846,0.3285387934681445,1.0
exp1_system_characterization,occlusion_recovery,exp1_system_characterization/occlusion_recovery,One-Euro Anchor,translation_error_mm_median,15,2.525933031186227,5.364407175187287,21.866364217924346
exp1_system_characterization,occlusion_recovery,exp1_system_characterization/occlusion_recovery,One-Euro Anchor,translation_error_mm_iqr,15,3.3300828951583124,8.594476997416155,19.955028317964118
exp1_system_characterization,occlusion_recovery,exp1_system_characterization/occlusion_recovery,One-Euro Anchor,translation_error_mm_p95,15,5.855182152858374,17.69566462356274,30.407036888546195
exp1_system_characterization,occlusion_recovery,exp1_system_characterization/occlusion_recovery,One-Euro Anchor,rotation_error_deg_median,15,3.539939444815216,5.536260953023819,15.596849206047562
exp1_system_characterization,occlusion_recovery,exp1_system_characterization/occlusion_recovery,One-Euro Anchor,rotation_error_deg_iqr,15,1.47182693689152,3.9575743381031856,12.223709258931397
exp1_system_characterization,occlusion_recovery,exp1_system_characterization/occlusion_recovery,One-Euro Anchor,rotation_error_deg_p95,15,7.311044457388233,8.575891624030351,23.03175434089381
exp1_system_characterization,occlusion_recovery,exp1_system_characterization/occlusion_recovery,One-Euro Anchor,candidate_arrival_p50_ms,15,166.1373499991896,160.43962500043563,181.83520500133454
exp1_system_characterization,occlusion_recovery,exp1_system_characterization/occlusion_recovery,One-Euro Anchor,candidate_arrival_p95_ms,15,235.99670000112383,43.57074499985151,309.0769275027923
exp1_system_characterization,occlusion_recovery,exp1_system_characterization/occlusion_recovery,One-Euro Anchor,candidate_processing_p50_ms,15,70.66014999896288,40.73389999754727,74.37256999984383
exp1_system_characterization,occlusion_recovery,exp1_system_characterization/occlusion_recovery,One-Euro Anchor,candidate_processing_p95_ms,15,87.65310000032184,6.752837498392822,93.16547450145704
exp1_system_characterization,occlusion_recovery,exp1_system_characterization/occlusion_recovery,One-Euro Anchor,observation_age_p50_ms,15,235.7923999952618,34.91944999950647,339.763175000189
exp1_system_characterization,occlusion_recovery,exp1_system_characterization/occlusion_recovery,One-Euro Anchor,observation_age_p95_ms,15,403.1033000042953,636.3953775020491,1179.5919434963791
exp1_system_characterization,occlusion_recovery,exp1_system_characterization/occlusion_recovery,One-Euro Anchor,smoothing_delay_p50_ms,15,235.7923999952618,34.91944999950647,277.5152150003123
exp1_system_characterization,occlusion_recovery,exp1_system_characterization/occlusion_recovery,One-Euro Anchor,smoothing_delay_p95_ms,15,403.1033000042953,636.3953775020491,1036.0300709967848
exp1_system_characterization,occlusion_recovery,exp1_system_characterization/occlusion_recovery,One-Euro Anchor,visual_perception_hz,15,10.0008407106745,1.4816889295148385,13.247198246818192
exp1_system_characterization,occlusion_recovery,exp1_system_characterization/occlusion_recovery,One-Euro Anchor,render_hz,15,66.98839959277817,4.0959719061863495,70.00557101235306
exp1_system_characterization,occlusion_recovery,exp1_system_characterization/occlusion_recovery,EgoAnchor,reference_coverage,15,1.0,0.0,1.0
exp1_system_characterization,occlusion_recovery,exp1_system_characterization/occlusion_recovery,EgoAnchor,display_coverage,15,1.0,0.0,1.0
exp1_system_characterization,occlusion_recovery,exp1_system_characterization/occlusion_recovery,EgoAnchor,output_coverage,15,0.9347692307692308,0.34694136559776634,1.0
exp1_system_characterization,occlusion_recovery,exp1_system_characterization/occlusion_recovery,EgoAnchor,translation_error_mm_median,15,1.477207689518752,0.5888911464571474,2.6712564412418374
exp1_system_characterization,occlusion_recovery,exp1_system_characterization/occlusion_recovery,EgoAnchor,translation_error_mm_iqr,15,0.03363081871611695,0.07972567681403708,2.6239187235301094
exp1_system_characterization,occlusion_recovery,exp1_system_characterization/occlusion_recovery,EgoAnchor,translation_error_mm_p95,15,1.8216604043864941,0.8939669748086136,24.64740255158065
exp1_system_characterization,occlusion_recovery,exp1_system_characterization/occlusion_recovery,EgoAnchor,rotation_error_deg_median,15,3.5818258040348376,0.6731777947618953,4.952553643828077
exp1_system_characterization,occlusion_recovery,exp1_system_characterization/occlusion_recovery,EgoAnchor,rotation_error_deg_iqr,15,0.12836803812541975,0.3200798686319686,0.5002784348784806
exp1_system_characterization,occlusion_recovery,exp1_system_characterization/occlusion_recovery,EgoAnchor,rotation_error_deg_p95,15,4.690234281418694,1.133638224023759,12.742907106292105
exp1_system_characterization,occlusion_recovery,exp1_system_characterization/occlusion_recovery,EgoAnchor,candidate_arrival_p50_ms,15,165.99264999968,160.43032500056142,181.6945599992323
exp1_system_characterization,occlusion_recovery,exp1_system_characterization/occlusion_recovery,EgoAnchor,candidate_arrival_p95_ms,15,235.84616000152892,43.597332499848335,308.9311200004521
exp1_system_characterization,occlusion_recovery,exp1_system_characterization/occlusion_recovery,EgoAnchor,candidate_processing_p50_ms,15,70.66014999896288,40.73389999754727,74.37256999984383
exp1_system_characterization,occlusion_recovery,exp1_system_characterization/occlusion_recovery,EgoAnchor,candidate_processing_p95_ms,15,87.65310000032184,6.752837498392822,93.16547450145704
exp1_system_characterization,occlusion_recovery,exp1_system_characterization/occlusion_recovery,EgoAnchor,observation_age_p50_ms,15,235.78160000033677,47.13047499899403,379.80707500064426
exp1_system_characterization,occlusion_recovery,exp1_system_characterization/occlusion_recovery,EgoAnchor,observation_age_p95_ms,15,464.68875000100616,723.4139300006063,1273.6807334982216
exp1_system_characterization,occlusion_recovery,exp1_system_characterization/occlusion_recovery,EgoAnchor,smoothing_delay_p50_ms,8,860.6538750027539,179.45108402000187,959.7830075033926
exp1_system_characterization,occlusion_recovery,exp1_system_characterization/occlusion_recovery,EgoAnchor,smoothing_delay_p95_ms,8,909.6956250032235,49.89504374907483,997.6551489977282
exp1_system_characterization,occlusion_recovery,exp1_system_characterization/occlusion_recovery,EgoAnchor,visual_perception_hz,15,10.0008407106745,1.4816889295148385,13.247198246818192
exp1_system_characterization,occlusion_recovery,exp1_system_characterization/occlusion_recovery,EgoAnchor,render_hz,15,66.98839959277817,4.0959719061863495,70.00557101235306
exp1_system_characterization,start_stop_6dof,exp1_system_characterization/start_stop_6dof,Arrival-Hold,reference_coverage,6,1.0,0.0,1.0
exp1_system_characterization,start_stop_6dof,exp1_system_characterization/start_stop_6dof,Arrival-Hold,display_coverage,6,1.0,0.0,1.0
exp1_system_characterization,start_stop_6dof,exp1_system_characterization/start_stop_6dof,Arrival-Hold,output_coverage,6,1.0,0.0,1.0
exp1_system_characterization,start_stop_6dof,exp1_system_characterization/start_stop_6dof,Arrival-Hold,translation_error_mm_median,6,7.241464993230723,4.037135308495869,10.979959454891059
exp1_system_characterization,start_stop_6dof,exp1_system_characterization/start_stop_6dof,Arrival-Hold,translation_error_mm_iqr,6,4.508284176298728,3.895604403606328,8.23433957447963
exp1_system_characterization,start_stop_6dof,exp1_system_characterization/start_stop_6dof,Arrival-Hold,translation_error_mm_p95,6,39.17596652540698,10.06056703973124,44.11792359121444
exp1_system_characterization,start_stop_6dof,exp1_system_characterization/start_stop_6dof,Arrival-Hold,rotation_error_deg_median,6,2.870943756804471,0.5292045089646775,3.378780125524518
exp1_system_characterization,start_stop_6dof,exp1_system_characterization/start_stop_6dof,Arrival-Hold,rotation_error_deg_iqr,6,1.3891131657516722,3.612907816634923,6.612406351122978
exp1_system_characterization,start_stop_6dof,exp1_system_characterization/start_stop_6dof,Arrival-Hold,rotation_error_deg_p95,6,9.894569953188894,13.7629646272406,27.762010177009046
exp1_system_characterization,start_stop_6dof,exp1_system_characterization/start_stop_6dof,Arrival-Hold,candidate_arrival_p50_ms,6,166.8892500019865,0.12437500481610186,167.33502500392206
exp1_system_characterization,start_stop_6dof,exp1_system_characterization/start_stop_6dof,Arrival-Hold,candidate_arrival_p95_ms,6,208.1495000005816,1.3403150003796327,214.01328500069212
exp1_system_characterization,start_stop_6dof,exp1_system_characterization/start_stop_6dof,Arrival-Hold,candidate_processing_p50_ms,6,72.5297500025481,1.519950003363192,74.13697500154376
exp1_system_characterization,start_stop_6dof,exp1_system_characterization/start_stop_6dof,Arrival-Hold,candidate_processing_p95_ms,6,83.91845500115305,2.3475475005805606,86.43080999925729
exp1_system_characterization,start_stop_6dof,exp1_system_characterization/start_stop_6dof,Arrival-Hold,observation_age_p50_ms,6,42.72330000094371,0.6096250017435523,47.55387500154029
exp1_system_characterization,start_stop_6dof,exp1_system_characterization/start_stop_6dof,Arrival-Hold,observation_age_p95_ms,6,96.79391250210756,1.0066587516120933,98.40569999978469
exp1_system_characterization,start_stop_6dof,exp1_system_characterization/start_stop_6dof,Arrival-Hold,smoothing_delay_p50_ms,6,42.72330000094371,0.6096250017435523,47.55387500154029
exp1_system_characterization,start_stop_6dof,exp1_system_characterization/start_stop_6dof,Arrival-Hold,smoothing_delay_p95_ms,6,96.79391250210756,1.0066587516120933,98.40569999978469
exp1_system_characterization,start_stop_6dof,exp1_system_characterization/start_stop_6dof,Arrival-Hold,visual_perception_hz,6,9.907125702251625,0.04025596996770986,9.935387553595959
exp1_system_characterization,start_stop_6dof,exp1_system_characterization/start_stop_6dof,Arrival-Hold,render_hz,6,67.13800195970396,2.602451216703585,68.6813274787079
exp1_system_characterization,start_stop_6dof,exp1_system_characterization/start_stop_6dof,Capture-Hold,reference_coverage,6,1.0,0.0,1.0
exp1_system_characterization,start_stop_6dof,exp1_system_characterization/start_stop_6dof,Capture-Hold,display_coverage,6,1.0,0.0,1.0
exp1_system_characterization,start_stop_6dof,exp1_system_characterization/start_stop_6dof,Capture-Hold,output_coverage,6,1.0,0.0,1.0
exp1_system_characterization,start_stop_6dof,exp1_system_characterization/start_stop_6dof,Capture-Hold,translation_error_mm_median,6,7.150519049722803,4.094499888984067,10.901549700582724
exp1_system_characterization,start_stop_6dof,exp1_system_characterization/start_stop_6dof,Capture-Hold,translation_error_mm_iqr,6,4.772998907946731,5.240516469532221,10.273011006071977
exp1_system_characterization,start_stop_6dof,exp1_system_characterization/start_stop_6dof,Capture-Hold,translation_error_mm_p95,6,48.53532515862768,12.937335500998273,61.629714396904085
exp1_system_characterization,start_stop_6dof,exp1_system_characterization/start_stop_6dof,Capture-Hold,rotation_error_deg_median,6,2.9604031286151233,0.5964930544300469,3.493427115895287
exp1_system_characterization,start_stop_6dof,exp1_system_characterization/start_stop_6dof,Capture-Hold,rotation_error_deg_iqr,6,1.4120842692997015,3.4567636334555316,6.5531629869798005
exp1_system_characterization,start_stop_6dof,exp1_system_characterization/start_stop_6dof,Capture-Hold,rotation_error_deg_p95,6,10.263562215148827,13.232241139862737,27.80942153684792
exp1_system_characterization,start_stop_6dof,exp1_system_characterization/start_stop_6dof,Capture-Hold,candidate_arrival_p50_ms,6,166.92225000224425,0.12067499847034924,167.36705000039365
exp1_system_characterization,start_stop_6dof,exp1_system_characterization/start_stop_6dof,Capture-Hold,candidate_arrival_p95_ms,6,208.18530000105966,1.3375450012972578,214.07405249883595
exp1_system_characterization,start_stop_6dof,exp1_system_characterization/start_stop_6dof,Capture-Hold,candidate_processing_p50_ms,6,72.5297500025481,1.519950003363192,74.13697500154376
exp1_system_characterization,start_stop_6dof,exp1_system_characterization/start_stop_6dof,Capture-Hold,candidate_processing_p95_ms,6,83.91845500115305,2.3475475005805606,86.43080999925729
exp1_system_characterization,start_stop_6dof,exp1_system_characterization/start_stop_6dof,Capture-Hold,observation_age_p50_ms,6,216.91082500001357,2.88896250185644,222.00734999751148
exp1_system_characterization,start_stop_6dof,exp1_system_characterization/start_stop_6dof,Capture-Hold,observation_age_p95_ms,6,277.6304249959139,1.0217924996140937,292.3653499981808
exp1_system_characterization,start_stop_6dof,exp1_system_characterization/start_stop_6dof,Capture-Hold,smoothing_delay_p50_ms,6,216.91082500001357,2.88896250185644,222.00734999751148
exp1_system_characterization,start_stop_6dof,exp1_system_characterization/start_stop_6dof,Capture-Hold,smoothing_delay_p95_ms,6,277.6304249959139,1.0217924996140937,292.3653499981808
exp1_system_characterization,start_stop_6dof,exp1_system_characterization/start_stop_6dof,Capture-Hold,visual_perception_hz,6,9.907125702251625,0.04025596996770986,9.935387553595959
exp1_system_characterization,start_stop_6dof,exp1_system_characterization/start_stop_6dof,Capture-Hold,render_hz,6,67.13800195970396,2.602451216703585,68.6813274787079
exp1_system_characterization,start_stop_6dof,exp1_system_characterization/start_stop_6dof,One-Euro Anchor,reference_coverage,6,1.0,0.0,1.0
exp1_system_characterization,start_stop_6dof,exp1_system_characterization/start_stop_6dof,One-Euro Anchor,display_coverage,6,1.0,0.0,1.0
exp1_system_characterization,start_stop_6dof,exp1_system_characterization/start_stop_6dof,One-Euro Anchor,output_coverage,6,1.0,0.0,1.0
exp1_system_characterization,start_stop_6dof,exp1_system_characterization/start_stop_6dof,One-Euro Anchor,translation_error_mm_median,6,7.349400723288801,3.934627522154008,11.302493810558914
exp1_system_characterization,start_stop_6dof,exp1_system_characterization/start_stop_6dof,One-Euro Anchor,translation_error_mm_iqr,6,5.854831378954286,10.581498427903831,17.664664132595785
exp1_system_characterization,start_stop_6dof,exp1_system_characterization/start_stop_6dof,One-Euro Anchor,translation_error_mm_p95,6,71.23064695493937,17.518506070409273,89.64512125584844
exp1_system_characterization,start_stop_6dof,exp1_system_characterization/start_stop_6dof,One-Euro Anchor,rotation_error_deg_median,6,3.0505210584025413,0.6887764803561272,3.5622192729725555
exp1_system_characterization,start_stop_6dof,exp1_system_characterization/start_stop_6dof,One-Euro Anchor,rotation_error_deg_iqr,6,1.686171139011877,5.123731593652549,9.87609808921695
exp1_system_characterization,start_stop_6dof,exp1_system_characterization/start_stop_6dof,One-Euro Anchor,rotation_error_deg_p95,6,14.691511227026876,19.231866195305013,36.76442890852136
exp1_system_characterization,start_stop_6dof,exp1_system_characterization/start_stop_6dof,One-Euro Anchor,candidate_arrival_p50_ms,6,166.95474999869475,0.12077499559381977,167.39482499906444
exp1_system_characterization,start_stop_6dof,exp1_system_characterization/start_stop_6dof,One-Euro Anchor,candidate_arrival_p95_ms,6,208.21609999984503,1.3376850010899943,214.14157000217529
exp1_system_characterization,start_stop_6dof,exp1_system_characterization/start_stop_6dof,One-Euro Anchor,candidate_processing_p50_ms,6,72.5297500025481,1.519950003363192,74.13697500154376
exp1_system_characterization,start_stop_6dof,exp1_system_characterization/start_stop_6dof,One-Euro Anchor,candidate_processing_p95_ms,6,83.91845500115305,2.3475475005805606,86.43080999925729
exp1_system_characterization,start_stop_6dof,exp1_system_characterization/start_stop_6dof,One-Euro Anchor,observation_age_p50_ms,6,216.91177499997139,2.889037502427527,222.0082249968982
exp1_system_characterization,start_stop_6dof,exp1_system_characterization/start_stop_6dof,One-Euro Anchor,observation_age_p95_ms,6,277.6312224994399,1.0215712490207807,292.3663324983861
exp1_system_characterization,start_stop_6dof,exp1_system_characterization/start_stop_6dof,One-Euro Anchor,smoothing_delay_p50_ms,6,216.91177499997139,2.889037502427527,222.0082249968982
exp1_system_characterization,start_stop_6dof,exp1_system_characterization/start_stop_6dof,One-Euro Anchor,smoothing_delay_p95_ms,6,277.6312224994399,1.0215712490207807,292.3663324983861
exp1_system_characterization,start_stop_6dof,exp1_system_characterization/start_stop_6dof,One-Euro Anchor,visual_perception_hz,6,9.907125702251625,0.04025596996770986,9.935387553595959
exp1_system_characterization,start_stop_6dof,exp1_system_characterization/start_stop_6dof,One-Euro Anchor,render_hz,6,67.13800195970396,2.602451216703585,68.6813274787079
exp1_system_characterization,start_stop_6dof,exp1_system_characterization/start_stop_6dof,EgoAnchor,reference_coverage,6,1.0,0.0,1.0
exp1_system_characterization,start_stop_6dof,exp1_system_characterization/start_stop_6dof,EgoAnchor,display_coverage,6,1.0,0.0,1.0
exp1_system_characterization,start_stop_6dof,exp1_system_characterization/start_stop_6dof,EgoAnchor,output_coverage,6,1.0,0.0,1.0
exp1_system_characterization,start_stop_6dof,exp1_system_characterization/start_stop_6dof,EgoAnchor,translation_error_mm_median,6,7.550490514222641,3.8428168206746403,10.36519517776171
exp1_system_characterization,start_stop_6dof,exp1_system_characterization/start_stop_6dof,EgoAnchor,translation_error_mm_iqr,6,3.9878590236417506,8.286060974504604,21.344491784519143
exp1_system_characterization,start_stop_6dof,exp1_system_characterization/start_stop_6dof,EgoAnchor,translation_error_mm_p95,6,63.35545437848041,18.957482717367533,85.29188853969163
exp1_system_characterization,start_stop_6dof,exp1_system_characterization/start_stop_6dof,EgoAnchor,rotation_error_deg_median,6,3.544886157326305,1.1028429013115635,4.933358986330361
exp1_system_characterization,start_stop_6dof,exp1_system_characterization/start_stop_6dof,EgoAnchor,rotation_error_deg_iqr,6,2.469221138005423,4.557505296333903,7.609961783738688
exp1_system_characterization,start_stop_6dof,exp1_system_characterization/start_stop_6dof,EgoAnchor,rotation_error_deg_p95,6,13.708877708064628,24.080541079971855,36.12744405021228
exp1_system_characterization,start_stop_6dof,exp1_system_characterization/start_stop_6dof,EgoAnchor,candidate_arrival_p50_ms,6,166.78780000438564,0.10667499736882746,167.24587500357302
exp1_system_characterization,start_stop_6dof,exp1_system_characterization/start_stop_6dof,EgoAnchor,candidate_arrival_p95_ms,6,208.06252999973367,1.3388750001467997,213.89877249876008
exp1_system_characterization,start_stop_6dof,exp1_system_characterization/start_stop_6dof,EgoAnchor,candidate_processing_p50_ms,6,72.5297500025481,1.519950003363192,74.13697500154376
exp1_system_characterization,start_stop_6dof,exp1_system_characterization/start_stop_6dof,EgoAnchor,candidate_processing_p95_ms,6,83.91845500115305,2.3475475005805606,86.43080999925729
exp1_system_characterization,start_stop_6dof,exp1_system_characterization/start_stop_6dof,EgoAnchor,observation_age_p50_ms,6,216.90017500259273,2.8899124981762725,221.99732500121172
exp1_system_characterization,start_stop_6dof,exp1_system_characterization/start_stop_6dof,EgoAnchor,observation_age_p95_ms,6,277.6212074970317,1.022136251685879,292.3569224980381
exp1_system_characterization,start_stop_6dof,exp1_system_characterization/start_stop_6dof,EgoAnchor,smoothing_delay_p50_ms,5,284.728080034256,1.4491081237792969,287.4546676874161
exp1_system_characterization,start_stop_6dof,exp1_system_characterization/start_stop_6dof,EgoAnchor,smoothing_delay_p95_ms,5,309.08992886543274,9.728588163852692,312.2921299934387
exp1_system_characterization,start_stop_6dof,exp1_system_characterization/start_stop_6dof,EgoAnchor,visual_perception_hz,6,9.907125702251625,0.04025596996770986,9.935387553595959
exp1_system_characterization,start_stop_6dof,exp1_system_characterization/start_stop_6dof,EgoAnchor,render_hz,6,67.13800195970396,2.602451216703585,68.6813274787079
exp1_system_characterization,static_head_motion,exp1_system_characterization/static_head_motion,Arrival-Hold,reference_coverage,5,1.0,0.0,1.0
exp1_system_characterization,static_head_motion,exp1_system_characterization/static_head_motion,Arrival-Hold,display_coverage,5,1.0,0.0,1.0
exp1_system_characterization,static_head_motion,exp1_system_characterization/static_head_motion,Arrival-Hold,output_coverage,5,1.0,0.0,1.0
exp1_system_characterization,static_head_motion,exp1_system_characterization/static_head_motion,Arrival-Hold,translation_error_mm_median,5,8.514007930469441,1.7618193471309578,11.462088404140651
exp1_system_characterization,static_head_motion,exp1_system_characterization/static_head_motion,Arrival-Hold,translation_error_mm_iqr,5,7.015567396918731,3.7378669498664188,13.564118965397054
exp1_system_characterization,static_head_motion,exp1_system_characterization/static_head_motion,Arrival-Hold,translation_error_mm_p95,5,16.70448425213164,11.230035509639233,32.43365608579644
exp1_system_characterization,static_head_motion,exp1_system_characterization/static_head_motion,Arrival-Hold,rotation_error_deg_median,5,2.975547712121113,0.5223395915591809,3.2598987559981416
exp1_system_characterization,static_head_motion,exp1_system_characterization/static_head_motion,Arrival-Hold,rotation_error_deg_iqr,5,1.1788281672651248,0.4016191751361502,2.1952498606363005
exp1_system_characterization,static_head_motion,exp1_system_characterization/static_head_motion,Arrival-Hold,rotation_error_deg_p95,5,4.2477062384184885,1.4275666732864645,7.374851578984263
exp1_system_characterization,static_head_motion,exp1_system_characterization/static_head_motion,Arrival-Hold,candidate_arrival_p50_ms,5,166.71949999727076,0.13279999257065356,167.42671999818413
exp1_system_characterization,static_head_motion,exp1_system_characterization/static_head_motion,Arrival-Hold,candidate_arrival_p95_ms,5,207.96770000451943,8.701105001091548,220.22410399775254
exp1_system_characterization,static_head_motion,exp1_system_characterization/static_head_motion,Arrival-Hold,candidate_processing_p50_ms,5,74.96040000021458,0.14305000193417072,75.18191999867558
exp1_system_characterization,static_head_motion,exp1_system_characterization/static_head_motion,Arrival-Hold,candidate_processing_p95_ms,5,85.92879999950527,1.3777649974450554,89.40801200002433
exp1_system_characterization,static_head_motion,exp1_system_characterization/static_head_motion,Arrival-Hold,observation_age_p50_ms,5,47.75399999925867,5.562449998251395,48.65120000031311
exp1_system_characterization,static_head_motion,exp1_system_characterization/static_head_motion,Arrival-Hold,observation_age_p95_ms,5,98.30219999712425,0.770490005015759,98.99525199696654
exp1_system_characterization,static_head_motion,exp1_system_characterization/static_head_motion,Arrival-Hold,smoothing_delay_p50_ms,5,47.75399999925867,5.562449998251395,48.65120000031311
exp1_system_characterization,static_head_motion,exp1_system_characterization/static_head_motion,Arrival-Hold,smoothing_delay_p95_ms,5,98.30219999712425,0.770490005015759,98.99525199696654
exp1_system_characterization,static_head_motion,exp1_system_characterization/static_head_motion,Arrival-Hold,visual_perception_hz,5,9.663731208708738,0.01659183672180653,9.712259862001114
exp1_system_characterization,static_head_motion,exp1_system_characterization/static_head_motion,Arrival-Hold,render_hz,5,64.24865721545093,0.792750273103465,65.03914659021942
exp1_system_characterization,static_head_motion,exp1_system_characterization/static_head_motion,Capture-Hold,reference_coverage,5,1.0,0.0,1.0
exp1_system_characterization,static_head_motion,exp1_system_characterization/static_head_motion,Capture-Hold,display_coverage,5,1.0,0.0,1.0
exp1_system_characterization,static_head_motion,exp1_system_characterization/static_head_motion,Capture-Hold,output_coverage,5,1.0,0.0,1.0
exp1_system_characterization,static_head_motion,exp1_system_characterization/static_head_motion,Capture-Hold,translation_error_mm_median,5,4.364908219233289,0.8034584090045964,5.154429803544134
exp1_system_characterization,static_head_motion,exp1_system_characterization/static_head_motion,Capture-Hold,translation_error_mm_iqr,5,3.4226838816220546,0.8938547329592552,4.0361236703506425
exp1_system_characterization,static_head_motion,exp1_system_characterization/static_head_motion,Capture-Hold,translation_error_mm_p95,5,8.325443131242098,1.157733073436062,9.806266087455702
exp1_system_characterization,static_head_motion,exp1_system_characterization/static_head_motion,Capture-Hold,rotation_error_deg_median,5,2.7627688298573356,0.3827126737051634,3.2941266442078274
exp1_system_characterization,static_head_motion,exp1_system_characterization/static_head_motion,Capture-Hold,rotation_error_deg_iqr,5,0.9943451882504832,0.2076822152626272,1.9171249085646545
exp1_system_characterization,static_head_motion,exp1_system_characterization/static_head_motion,Capture-Hold,rotation_error_deg_p95,5,4.1715172943207985,0.169691486000894,6.0654315351393375
exp1_system_characterization,static_head_motion,exp1_system_characterization/static_head_motion,Capture-Hold,candidate_arrival_p50_ms,5,166.7511999985436,0.14699999883305281,167.46537999715656
exp1_system_characterization,static_head_motion,exp1_system_characterization/static_head_motion,Capture-Hold,candidate_arrival_p95_ms,5,207.99928000196815,8.69805499896762,220.25908799754689
exp1_system_characterization,static_head_motion,exp1_system_characterization/static_head_motion,Capture-Hold,candidate_processing_p50_ms,5,74.96040000021458,0.14305000193417072,75.18191999867558
exp1_system_characterization,static_head_motion,exp1_system_characterization/static_head_motion,Capture-Hold,candidate_processing_p95_ms,5,85.92879999950527,1.3777649974450554,89.40801200002433
exp1_system_characterization,static_head_motion,exp1_system_characterization/static_head_motion,Capture-Hold,observation_age_p50_ms,5,216.58600000228034,0.241449994064169,221.75174999792944
exp1_system_characterization,static_head_motion,exp1_system_characterization/static_head_motion,Capture-Hold,observation_age_p95_ms,5,277.69528000062564,0.4826350006624125,294.54662700212793
exp1_system_characterization,static_head_motion,exp1_system_characterization/static_head_motion,Capture-Hold,smoothing_delay_p50_ms,5,216.58600000228034,0.241449994064169,221.75174999792944
exp1_system_characterization,static_head_motion,exp1_system_characterization/static_head_motion,Capture-Hold,smoothing_delay_p95_ms,5,277.69528000062564,0.4826350006624125,294.54662700212793
exp1_system_characterization,static_head_motion,exp1_system_characterization/static_head_motion,Capture-Hold,visual_perception_hz,5,9.663731208708738,0.01659183672180653,9.712259862001114
exp1_system_characterization,static_head_motion,exp1_system_characterization/static_head_motion,Capture-Hold,render_hz,5,64.24865721545093,0.792750273103465,65.03914659021942
exp1_system_characterization,static_head_motion,exp1_system_characterization/static_head_motion,One-Euro Anchor,reference_coverage,5,1.0,0.0,1.0
exp1_system_characterization,static_head_motion,exp1_system_characterization/static_head_motion,One-Euro Anchor,display_coverage,5,1.0,0.0,1.0
exp1_system_characterization,static_head_motion,exp1_system_characterization/static_head_motion,One-Euro Anchor,output_coverage,5,1.0,0.0,1.0
exp1_system_characterization,static_head_motion,exp1_system_characterization/static_head_motion,One-Euro Anchor,translation_error_mm_median,5,4.2032717009897365,0.8758017206739934,4.917575412177194
exp1_system_characterization,static_head_motion,exp1_system_characterization/static_head_motion,One-Euro Anchor,translation_error_mm_iqr,5,2.715321509284476,1.2212161666125803,3.636782348735683
exp1_system_characterization,static_head_motion,exp1_system_characterization/static_head_motion,One-Euro Anchor,translation_error_mm_p95,5,8.001542881662074,0.7616915554358856,9.006290042996
exp1_system_characterization,static_head_motion,exp1_system_characterization/static_head_motion,One-Euro Anchor,rotation_error_deg_median,5,2.7979467179800177,0.31089653330535016,3.2442403648007323
exp1_system_characterization,static_head_motion,exp1_system_characterization/static_head_motion,One-Euro Anchor,rotation_error_deg_iqr,5,0.6958494588233055,0.20200969661927992,1.76657426624616
exp1_system_characterization,static_head_motion,exp1_system_characterization/static_head_motion,One-Euro Anchor,rotation_error_deg_p95,5,3.748835188186208,0.12343932881760811,5.086551572789968
exp1_system_characterization,static_head_motion,exp1_system_characterization/static_head_motion,One-Euro Anchor,candidate_arrival_p50_ms,5,166.7779999988852,0.1640999980736524,167.50000000029104
exp1_system_characterization,static_head_motion,exp1_system_characterization/static_head_motion,One-Euro Anchor,candidate_arrival_p95_ms,5,208.02844000136247,8.68789000160183,220.28786799724912
exp1_system_characterization,static_head_motion,exp1_system_characterization/static_head_motion,One-Euro Anchor,candidate_processing_p50_ms,5,74.96040000021458,0.14305000193417072,75.18191999867558
exp1_system_characterization,static_head_motion,exp1_system_characterization/static_head_motion,One-Euro Anchor,candidate_processing_p95_ms,5,85.92879999950527,1.3777649974450554,89.40801200002433
exp1_system_characterization,static_head_motion,exp1_system_characterization/static_head_motion,One-Euro Anchor,observation_age_p50_ms,5,216.58659999957308,0.24135000057867728,221.752410002955
exp1_system_characterization,static_head_motion,exp1_system_characterization/static_head_motion,One-Euro Anchor,observation_age_p95_ms,5,277.6958799979184,0.4825599979085382,294.54722399939783
exp1_system_characterization,static_head_motion,exp1_system_characterization/static_head_motion,One-Euro Anchor,smoothing_delay_p50_ms,5,216.58659999957308,0.24135000057867728,221.752410002955
exp1_system_characterization,static_head_motion,exp1_system_characterization/static_head_motion,One-Euro Anchor,smoothing_delay_p95_ms,5,277.6958799979184,0.4825599979085382,294.54722399939783
exp1_system_characterization,static_head_motion,exp1_system_characterization/static_head_motion,One-Euro Anchor,visual_perception_hz,5,9.663731208708738,0.01659183672180653,9.712259862001114
exp1_system_characterization,static_head_motion,exp1_system_characterization/static_head_motion,One-Euro Anchor,render_hz,5,64.24865721545093,0.792750273103465,65.03914659021942
exp1_system_characterization,static_head_motion,exp1_system_characterization/static_head_motion,EgoAnchor,reference_coverage,5,1.0,0.0,1.0
exp1_system_characterization,static_head_motion,exp1_system_characterization/static_head_motion,EgoAnchor,display_coverage,5,1.0,0.0,1.0
exp1_system_characterization,static_head_motion,exp1_system_characterization/static_head_motion,EgoAnchor,output_coverage,5,1.0,0.0,1.0
exp1_system_characterization,static_head_motion,exp1_system_characterization/static_head_motion,EgoAnchor,translation_error_mm_median,5,3.2203591874877917,0.8867332606893505,5.523989518544733
exp1_system_characterization,static_head_motion,exp1_system_characterization/static_head_motion,EgoAnchor,translation_error_mm_iqr,5,0.3770583064071391,0.19172034830648732,1.86671406126752
exp1_system_characterization,static_head_motion,exp1_system_characterization/static_head_motion,EgoAnchor,translation_error_mm_p95,5,3.8615412850934283,2.9633244846726563,7.016172979900073
exp1_system_characterization,static_head_motion,exp1_system_characterization/static_head_motion,EgoAnchor,rotation_error_deg_median,5,2.629617381417243,0.3254845297749571,3.304337222149795
exp1_system_characterization,static_head_motion,exp1_system_characterization/static_head_motion,EgoAnchor,rotation_error_deg_iqr,5,0.28215477356593377,0.1530288444554948,0.2924138974662075
exp1_system_characterization,static_head_motion,exp1_system_characterization/static_head_motion,EgoAnchor,rotation_error_deg_p95,5,2.974718974765411,0.7676595881503689,3.64537019868443
exp1_system_characterization,static_head_motion,exp1_system_characterization/static_head_motion,EgoAnchor,candidate_arrival_p50_ms,5,166.63929999776883,0.10719999772845767,167.33514000225114
exp1_system_characterization,static_head_motion,exp1_system_characterization/static_head_motion,EgoAnchor,candidate_arrival_p95_ms,5,207.88351999945007,8.699100000376404,220.13947600062238
exp1_system_characterization,static_head_motion,exp1_system_characterization/static_head_motion,EgoAnchor,candidate_processing_p50_ms,5,74.96040000021458,0.14305000193417072,75.18191999867558
exp1_system_characterization,static_head_motion,exp1_system_characterization/static_head_motion,EgoAnchor,candidate_processing_p95_ms,5,85.92879999950527,1.3777649974450554,89.40801200002433
exp1_system_characterization,static_head_motion,exp1_system_characterization/static_head_motion,EgoAnchor,observation_age_p50_ms,5,216.57620000041788,0.24214999939431436,221.7431499993836
exp1_system_characterization,static_head_motion,exp1_system_characterization/static_head_motion,EgoAnchor,observation_age_p95_ms,5,277.6869600013015,0.4806950000784127,294.53812499799824
exp1_system_characterization,static_head_motion,exp1_system_characterization/static_head_motion,EgoAnchor,smoothing_delay_p50_ms,1,276.5538841485977,0.0,276.5538841485977
exp1_system_characterization,static_head_motion,exp1_system_characterization/static_head_motion,EgoAnchor,smoothing_delay_p95_ms,1,283.64588767290115,0.0,283.64588767290115
exp1_system_characterization,static_head_motion,exp1_system_characterization/static_head_motion,EgoAnchor,visual_perception_hz,5,9.663731208708738,0.01659183672180653,9.712259862001114
exp1_system_characterization,static_head_motion,exp1_system_characterization/static_head_motion,EgoAnchor,render_hz,5,64.24865721545093,0.792750273103465,65.03914659021942
