session_id,experiment_id,scenario_id,trial_id,event_id,condition_id,variant_id,variant_label,candidate_count,render_tick_count,candidate_arrival_p50_ms,candidate_arrival_p95_ms,candidate_processing_p50_ms,candidate_processing_p95_ms,observation_age_p50_ms,observation_age_p95_ms,smoothing_delay_p50_ms,smoothing_delay_p95_ms,visual_perception_hz,render_hz
20260717_203329_controller_right,exp1_system_characterization,static_head_motion,trial_001,,exp1_system_characterization/static_head_motion,Arrival-Hold,Arrival-Hold,153,1035,166.84559999703197,195.22149999829708,75.23009999841452,90.15942000076176,47.75399999925867,98.30219999712425,47.75399999925867,98.30219999712425,9.662200445880814,64.91769440877175
20260717_203329_controller_right,exp1_system_characterization,static_head_motion,trial_001,,exp1_system_characterization/static_head_motion,Capture-Hold,Capture-Hold,153,1035,166.89449999830686,195.2625399993849,75.23009999841452,90.15942000076176,216.58600000228034,277.6834800024517,216.58600000228034,277.6834800024517,9.662200445880814,64.91769440877175
20260717_203329_controller_right,exp1_system_characterization,static_head_motion,trial_001,,exp1_system_characterization/static_head_motion,EgoAnchor,EgoAnchor,153,1035,166.7368999987957,195.13937999872724,75.23009999841452,90.15942000076176,216.57620000041788,277.67591000083485,,,9.662200445880814,64.91769440877175
20260717_203329_controller_right,exp1_system_characterization,static_head_motion,trial_001,,exp1_system_characterization/static_head_motion,One-Euro Anchor,One-Euro Anchor,153,1035,166.9395999997505,195.2984599978663,75.23009999841452,90.15942000076176,216.58659999957308,277.6841200022318,216.58659999957308,277.6841200022318,9.662200445880814,64.91769440877175
20260717_203329_controller_right,exp1_system_characterization,static_head_motion,trial_001,event_001,exp1_system_characterization/static_head_motion,Arrival-Hold,Arrival-Hold,153,988,166.71949999727076,208.5782800000743,74.98919999971986,86.4023799970746,42.7104500013229,99.12914499582257,42.7104500013229,99.12914499582257,9.663731208708738,62.43472068828459
20260717_203329_controller_right,exp1_system_characterization,static_head_motion,trial_001,event_001,exp1_system_characterization/static_head_motion,Capture-Hold,Capture-Hold,153,988,166.7511999985436,208.60951999929966,74.98919999971986,86.4023799970746,216.6801499952271,278.1661150031141,216.6801499952271,278.1661150031141,9.663731208708738,62.43472068828459
20260717_203329_controller_right,exp1_system_characterization,static_head_motion,trial_001,event_001,exp1_system_characterization/static_head_motion,EgoAnchor,EgoAnchor,153,988,166.63929999776883,208.485220001603,74.98919999971986,86.4023799970746,216.67094999793335,278.15660500091326,276.5538841485977,283.64588767290115,9.663731208708738,62.43472068828459
20260717_203329_controller_right,exp1_system_characterization,static_head_motion,trial_001,event_001,exp1_system_characterization/static_head_motion,One-Euro Anchor,One-Euro Anchor,153,988,166.7779999988852,208.63949999766191,74.98919999971986,86.4023799970746,216.68085000055726,278.16668000014033,216.68085000055726,278.16668000014033,9.663731208708738,62.43472068828459
20260717_203329_controller_right,exp1_system_characterization,static_head_motion,trial_001,event_002,exp1_system_characterization/static_head_motion,Arrival-Hold,Arrival-Hold,169,1120,167.57199999847217,223.1355599971721,74.96040000021458,83.46844000145794,43.07234999942011,97.26934000391338,43.07234999942011,97.26934000391338,9.67879228260262,64.12494413566829
20260717_203329_controller_right,exp1_system_characterization,static_head_motion,trial_001,event_002,exp1_system_characterization/static_head_motion,Capture-Hold,Capture-Hold,169,1120,167.608099996869,223.1714799971087,74.96040000021458,83.46844000145794,223.01964999860502,298.6417550018814,223.01964999860502,298.6417550018814,9.67879228260262,64.12494413566829
20260717_203329_controller_right,exp1_system_characterization,static_head_motion,trial_001,event_002,exp1_system_characterization/static_head_motion,EgoAnchor,EgoAnchor,169,1120,167.484700003115,223.05304000037722,74.96040000021458,83.46844000145794,223.01119999974617,298.6335049972695,,,9.67879228260262,64.12494413566829
20260717_203329_controller_right,exp1_system_characterization,static_head_motion,trial_001,event_002,exp1_system_characterization/static_head_motion,One-Euro Anchor,One-Euro Anchor,169,1120,167.64010000042617,223.19995999714592,74.96040000021458,83.46844000145794,223.02030000355444,298.6423599992122,223.02030000355444,298.6423599992122,9.67879228260262,64.12494413566829
20260717_203329_controller_right,exp1_system_characterization,static_head_motion,trial_001,event_003,exp1_system_characterization/static_head_motion,Arrival-Hold,Arrival-Hold,193,1294,166.61260000546463,207.96770000451943,74.38229999691248,85.92879999950527,48.65530000097351,97.68918999652668,48.65530000097351,97.68918999652668,9.720626756850736,65.06950963558134
20260717_203329_controller_right,exp1_system_characterization,static_head_motion,trial_001,event_003,exp1_system_characterization/static_head_motion,Capture-Hold,Capture-Hold,193,1294,166.64310000487603,207.99928000196815,74.38229999691248,85.92879999950527,216.409950000525,277.2918849990674,216.409950000525,277.2918849990674,9.720626756850736,65.06950963558134
20260717_203329_controller_right,exp1_system_characterization,static_head_motion,trial_001,event_003,exp1_system_characterization/static_head_motion,EgoAnchor,EgoAnchor,193,1294,166.5221999937785,207.88351999945007,74.38229999691248,85.92879999950527,216.40069999921252,277.2833599970909,,,9.720626756850736,65.06950963558134
20260717_203329_controller_right,exp1_system_characterization,static_head_motion,trial_001,event_003,exp1_system_characterization/static_head_motion,One-Euro Anchor,One-Euro Anchor,193,1294,166.67379999853438,208.02844000136247,74.38229999691248,85.92879999950527,216.4136999999755,277.2925149965886,216.4136999999755,277.2925149965886,9.720626756850736,65.06950963558134
20260717_203329_controller_right,exp1_system_characterization,static_head_motion,trial_001,event_004,exp1_system_characterization/static_head_motion,Arrival-Hold,Arrival-Hold,194,1297,166.71280000446131,199.87717499898275,74.84614999778569,85.02461499962955,48.63479999767151,98.45968000154244,48.63479999767151,98.45968000154244,9.607169317747232,64.24865721545093
20260717_203329_controller_right,exp1_system_characterization,static_head_motion,trial_001,event_004,exp1_system_characterization/static_head_motion,Capture-Hold,Capture-Hold,194,1297,166.7474999994738,199.91146500033204,74.84614999778569,85.02461499962955,216.43870000116294,277.69528000062564,216.43870000116294,277.69528000062564,9.607169317747232,64.24865721545093
20260717_203329_controller_right,exp1_system_characterization,static_head_motion,trial_001,event_004,exp1_system_characterization/static_head_motion,EgoAnchor,EgoAnchor,194,1297,166.62970000106725,199.7861200012266,74.84614999778569,85.02461499962955,216.42879999853903,277.6869600013015,,,9.607169317747232,64.24865721545093
20260717_203329_controller_right,exp1_system_characterization,static_head_motion,trial_001,event_004,exp1_system_characterization/static_head_motion,One-Euro Anchor,One-Euro Anchor,194,1297,166.77550000167685,199.95160999606009,74.84614999778569,85.02461499962955,216.43949999997858,277.6958799979184,216.43949999997858,277.6958799979184,9.607169317747232,64.24865721545093
20260717_203749_controller_right,exp1_system_characterization,start_stop_6dof,trial_001,,exp1_system_characterization/start_stop_6dof,Arrival-Hold,Arrival-Hold,87,577,167.0254999989993,207.71862000474357,74.26440000161529,82.47107999958098,42.692800001532305,97.3174800004926,42.692800001532305,97.3174800004926,9.900903013009883,64.6132979372178
20260717_203749_controller_right,exp1_system_characterization,start_stop_6dof,trial_001,,exp1_system_characterization/start_stop_6dof,Capture-Hold,Capture-Hold,87,577,167.05729999375762,207.75722000253154,74.26440000161529,82.47107999958098,216.93609999783803,276.19825999863673,216.93609999783803,276.19825999863673,9.900903013009883,64.6132979372178
20260717_203749_controller_right,exp1_system_characterization,start_stop_6dof,trial_001,,exp1_system_characterization/start_stop_6dof,EgoAnchor,EgoAnchor,87,577,166.91789999458706,207.63582000217866,74.26440000161529,82.47107999958098,216.92450000409735,276.18975999939715,,,9.900903013009883,64.6132979372178
20260717_203749_controller_right,exp1_system_characterization,start_stop_6dof,trial_001,,exp1_system_characterization/start_stop_6dof,One-Euro Anchor,One-Euro Anchor,87,577,167.08319999452215,207.7877800045826,74.26440000161529,82.47107999958098,216.937199998938,276.1989799968432,216.937199998938,276.1989799968432,9.900903013009883,64.6132979372178
20260717_203749_controller_right,exp1_system_characterization,start_stop_6dof,trial_001,event_001,exp1_system_characterization/start_stop_6dof,Arrival-Hold,Arrival-Hold,153,1065,166.9019000037224,209.27744000364328,73.75470000132918,85.33308000043034,48.9573000013479,98.76843999954872,48.9573000013479,98.76843999954872,9.543186857094241,66.62352417777322
20260717_203749_controller_right,exp1_system_characterization,start_stop_6dof,trial_001,event_001,exp1_system_characterization/start_stop_6dof,Capture-Hold,Capture-Hold,153,1065,166.9365000052494,209.31216000317363,73.75470000132918,85.33308000043034,222.5334999966435,296.9160799984817,222.5334999966435,296.9160799984817,9.543186857094241,66.62352417777322
20260717_203749_controller_right,exp1_system_characterization,start_stop_6dof,trial_001,event_001,exp1_system_characterization/start_stop_6dof,EgoAnchor,EgoAnchor,153,1065,166.78190000675386,209.1915400029393,73.75470000132918,85.33308000043034,222.52280000247993,296.9075599976346,288.13236951828003,309.9648356437683,9.543186857094241,66.62352417777322
20260717_203749_controller_right,exp1_system_characterization,start_stop_6dof,trial_001,event_001,exp1_system_characterization/start_stop_6dof,One-Euro Anchor,One-Euro Anchor,153,1065,166.97130000102334,209.34268000419252,73.75470000132918,85.33308000043034,222.5343999962206,296.9171199991248,222.5343999962206,296.9171199991248,9.543186857094241,66.62352417777322
20260717_203749_controller_right,exp1_system_characterization,start_stop_6dof,trial_001,event_002,exp1_system_characterization/start_stop_6dof,Arrival-Hold,Arrival-Hold,189,1313,166.87660000025062,207.8070999981719,71.97060000151396,83.516360001266,43.343600002117455,96.29305999842471,43.343600002117455,96.29305999842471,9.933209206963665,68.99502073665428
20260717_203749_controller_right,exp1_system_characterization,start_stop_6dof,trial_001,event_002,exp1_system_characterization/start_stop_6dof,Capture-Hold,Capture-Hold,189,1313,166.9079999992391,207.84261999942828,71.97060000151396,83.516360001266,216.59379999618977,277.4325999969733,216.59379999618977,277.4325999969733,9.933209206963665,68.99502073665428
20260717_203749_controller_right,exp1_system_characterization,start_stop_6dof,trial_001,event_002,exp1_system_characterization/start_stop_6dof,EgoAnchor,EgoAnchor,189,1313,166.79370000201743,207.71836000058101,71.97060000151396,83.516360001266,216.58390000084182,277.42381999560166,284.74386036396027,295.3590378165245,9.933209206963665,68.99502073665428
20260717_203749_controller_right,exp1_system_characterization,start_stop_6dof,trial_001,event_002,exp1_system_characterization/start_stop_6dof,One-Euro Anchor,One-Euro Anchor,189,1313,166.93320000194944,207.8730799970799,71.97060000151396,83.516360001266,216.5945999950054,277.4336399976164,216.5945999950054,277.4336399976164,9.933209206963665,68.99502073665428
20260717_203749_controller_right,exp1_system_characterization,start_stop_6dof,trial_001,event_003,exp1_system_characterization/start_stop_6dof,Arrival-Hold,Arrival-Hold,139,948,166.72079999989364,195.51984000063385,72.12040000036359,84.3205500010401,42.48510000252281,96.31722500198521,42.48510000252281,96.31722500198521,9.936113669140056,67.65247974163468
20260717_203749_controller_right,exp1_system_characterization,start_stop_6dof,trial_001,event_003,exp1_system_characterization/start_stop_6dof,Capture-Hold,Capture-Hold,139,948,166.7572000005748,195.55218000532477,72.12040000036359,84.3205500010401,216.5325500027393,277.507679997143,216.5325500027393,277.507679997143,9.936113669140056,67.65247974163468
20260717_203749_controller_right,exp1_system_characterization,start_stop_6dof,trial_001,event_003,exp1_system_characterization/start_stop_6dof,EgoAnchor,EgoAnchor,139,948,166.6373999978532,195.42982000275515,72.12040000036359,84.3205500010401,216.52214999994612,277.4987199991301,276.313841342926,312.8739535808563,9.936113669140056,67.65247974163468
20260717_203749_controller_right,exp1_system_characterization,start_stop_6dof,trial_001,event_003,exp1_system_characterization/start_stop_6dof,One-Euro Anchor,One-Euro Anchor,139,948,166.78289999981644,195.59305000148015,72.12040000036359,84.3205500010401,216.5335000026971,277.5085749992286,216.5335000026971,277.5085749992286,9.936113669140056,67.65247974163468
20260717_203749_controller_right,exp1_system_characterization,start_stop_6dof,trial_001,event_004,exp1_system_characterization/start_stop_6dof,Arrival-Hold,Arrival-Hold,185,1262,166.8680999937351,208.49190000299131,72.00099999830127,86.79671999886627,42.75380000035511,97.27060000222991,42.75380000035511,97.27060000222991,9.913348391493367,67.74024770486875
20260717_203749_controller_right,exp1_system_characterization,start_stop_6dof,trial_001,event_004,exp1_system_characterization/start_stop_6dof,Capture-Hold,Capture-Hold,185,1262,166.9058999978006,208.52798000269104,72.00099999830127,86.79671999886627,216.88555000218912,277.75316999468487,216.88555000218912,277.75316999468487,9.913348391493367,67.74024770486875
20260717_203749_controller_right,exp1_system_characterization,start_stop_6dof,trial_001,event_004,exp1_system_characterization/start_stop_6dof,EgoAnchor,EgoAnchor,185,1262,166.77959999651648,208.40669999888632,72.00099999830127,86.79671999886627,216.8758500010881,277.7436949949333,283.29475224018097,300.2362474799156,9.913348391493367,67.74024770486875
20260717_203749_controller_right,exp1_system_characterization,start_stop_6dof,trial_001,event_004,exp1_system_characterization/start_stop_6dof,One-Euro Anchor,One-Euro Anchor,185,1262,166.93819999636617,208.55912000261014,72.00099999830127,86.79671999886627,216.88635000100476,277.7538699996512,216.88635000100476,277.7538699996512,9.913348391493367,67.74024770486875
20260717_203749_controller_right,exp1_system_characterization,start_stop_6dof,trial_001,event_005,exp1_system_characterization/start_stop_6dof,Arrival-Hold,Arrival-Hold,131,847,167.43820000556298,215.5918999997084,72.93910000473261,82.27605000138283,42.55109999940032,96.08477999863679,42.55109999940032,96.08477999863679,9.883683039834546,63.72462525531658
20260717_203749_controller_right,exp1_system_characterization,start_stop_6dof,trial_001,event_005,exp1_system_characterization/start_stop_6dof,Capture-Hold,Capture-Hold,131,847,167.47030000260565,215.66134999739006,72.93910000473261,82.27605000138283,220.4289000001154,278.7131599972781,220.4289000001154,278.7131599972781,9.883683039834546,63.72462525531658
20260717_203749_controller_right,exp1_system_characterization,start_stop_6dof,trial_001,event_005,exp1_system_characterization/start_stop_6dof,EgoAnchor,EgoAnchor,131,847,167.35520000656834,215.467849997367,72.93910000473261,82.27605000138283,220.4208999974071,278.70500999924843,284.728080034256,309.08992886543274,9.883683039834546,63.72462525531658
20260717_203749_controller_right,exp1_system_characterization,start_stop_6dof,trial_001,event_005,exp1_system_characterization/start_stop_6dof,One-Euro Anchor,One-Euro Anchor,131,847,167.49870000057854,215.74120000150288,72.93910000473261,82.27605000138283,220.42969999893103,278.7139699961699,220.42969999893103,278.7139699961699,9.883683039834546,63.72462525531658
20260717_204156_controller_right,exp1_system_characterization,continuous_translation,trial_001,,exp1_system_characterization/continuous_translation,Arrival-Hold,Arrival-Hold,309,1817,167.0735500047158,208.11205000245536,71.33709999918938,86.31781999990343,43.67760000604903,98.77750000014203,43.67760000604903,98.77750000014203,11.884567006502087,69.26664115320777
20260717_204156_controller_right,exp1_system_characterization,continuous_translation,trial_001,,exp1_system_characterization/continuous_translation,Capture-Hold,Capture-Hold,309,1817,167.1066000017163,208.35052499751328,71.33709999918938,86.31781999990343,216.9720000019879,277.67578000202775,216.9720000019879,277.67578000202775,11.884567006502087,69.26664115320777
20260717_204156_controller_right,exp1_system_characterization,continuous_translation,trial_001,,exp1_system_characterization/continuous_translation,EgoAnchor,EgoAnchor,309,1817,166.98275000453577,208.03177499874437,71.33709999918938,86.31781999990343,216.9995000003837,277.6738499997009,285.0363552570343,841.5738850013439,11.884567006502087,69.26664115320777
20260717_204156_controller_right,exp1_system_characterization,continuous_translation,trial_001,,exp1_system_characterization/continuous_translation,One-Euro Anchor,One-Euro Anchor,309,1817,167.13385000184644,208.37557499908144,71.33709999918938,86.31781999990343,216.9727000000421,277.67644000268774,216.9727000000421,277.67644000268774,11.884567006502087,69.26664115320777
20260717_204156_controller_right,exp1_system_characterization,continuous_translation,trial_001,event_001,exp1_system_characterization/continuous_translation,Arrival-Hold,Arrival-Hold,23,162,166.46079999918584,192.70533000089924,75.62139999866486,86.64606000110507,48.6421999958111,98.64542499963133,48.6421999958111,98.64542499963133,9.554302224107369,68.40925287394393
20260717_204156_controller_right,exp1_system_characterization,continuous_translation,trial_001,event_001,exp1_system_characterization/continuous_translation,Capture-Hold,Capture-Hold,23,162,166.49470000265865,192.73578000575068,75.62139999866486,86.64606000110507,215.80505000019912,265.52990000309364,215.80505000019912,265.52990000309364,9.554302224107369,68.40925287394393
20260717_204156_controller_right,exp1_system_characterization,continuous_translation,trial_001,event_001,exp1_system_characterization/continuous_translation,EgoAnchor,EgoAnchor,23,162,166.37590000027558,192.61902000507686,75.62139999866486,86.64606000110507,215.79625000231317,265.5204450034944,277.1952748298645,279.33284640312195,9.554302224107369,68.40925287394393
20260717_204156_controller_right,exp1_system_characterization,continuous_translation,trial_001,event_001,exp1_system_characterization/continuous_translation,One-Euro Anchor,One-Euro Anchor,23,162,166.52299999987008,192.76441000110933,75.62139999866486,86.64606000110507,215.80584999901475,265.53069000219693,215.80584999901475,265.53069000219693,9.554302224107369,68.40925287394393
20260717_204156_controller_right,exp1_system_characterization,continuous_translation,trial_001,event_002,exp1_system_characterization/continuous_translation,Arrival-Hold,Arrival-Hold,15,112,167.31119999894872,185.92101999893202,75.92130000516772,94.96227000057696,42.73085000022547,105.01967000127479,42.73085000022547,105.01967000127479,9.38986721993069,70.46564076299538
20260717_204156_controller_right,exp1_system_characterization,continuous_translation,trial_001,event_002,exp1_system_characterization/continuous_translation,Capture-Hold,Capture-Hold,15,112,167.34810000343714,185.95783000127994,75.92130000516772,94.96227000057696,216.2375499974587,265.10524499935855,216.2375499974587,265.10524499935855,9.38986721993069,70.46564076299538
20260717_204156_controller_right,exp1_system_characterization,continuous_translation,trial_001,event_002,exp1_system_characterization/continuous_translation,EgoAnchor,EgoAnchor,15,112,167.21810000308324,185.83460000227205,75.92130000516772,94.96227000057696,216.22819999902276,265.09630500077037,279.86182272434235,284.1997802257538,9.38986721993069,70.46564076299538
20260717_204156_controller_right,exp1_system_characterization,continuous_translation,trial_001,event_002,exp1_system_characterization/continuous_translation,One-Euro Anchor,One-Euro Anchor,15,112,167.37990000547143,185.9879000003275,75.92130000516772,94.96227000057696,216.23845000067377,265.10599999783153,216.23845000067377,265.10599999783153,9.38986721993069,70.46564076299538
20260717_204156_controller_right,exp1_system_characterization,continuous_translation,trial_001,event_003,exp1_system_characterization/continuous_translation,Arrival-Hold,Arrival-Hold,21,153,166.8223999949987,194.25910000427393,75.13250000402331,83.39510000124574,42.453000001842156,98.08916000038153,42.453000001842156,98.08916000038153,9.537288437313329,69.76286820849857
20260717_204156_controller_right,exp1_system_characterization,continuous_translation,trial_001,event_003,exp1_system_characterization/continuous_translation,Capture-Hold,Capture-Hold,21,153,166.86810000101104,194.2992000040249,75.13250000402331,83.39510000124574,216.31190000334755,265.4824800003553,216.31190000334755,265.4824800003553,9.537288437313329,69.76286820849857
20260717_204156_controller_right,exp1_system_characterization,continuous_translation,trial_001,event_003,exp1_system_characterization/continuous_translation,EgoAnchor,EgoAnchor,21,153,166.74329999659676,194.1755000007106,75.13250000402331,83.39510000124574,216.30270000605378,265.4733200033661,280.03132343292236,286.60619258880615,9.537288437313329,69.76286820849857
20260717_204156_controller_right,exp1_system_characterization,continuous_translation,trial_001,event_003,exp1_system_characterization/continuous_translation,One-Euro Anchor,One-Euro Anchor,21,153,166.89749999932246,194.33389999903738,75.13250000402331,83.39510000124574,216.31280000292463,265.4832800020813,216.31280000292463,265.4832800020813,9.537288437313329,69.76286820849857
20260717_204156_controller_right,exp1_system_characterization,continuous_translation,trial_001,event_004,exp1_system_characterization/continuous_translation,Arrival-Hold,Arrival-Hold,17,125,167.08110000035958,193.8605200019083,77.20069999992847,86.39533999934793,49.128500002552755,97.63581999577582,49.128500002552755,97.63581999577582,9.481288203659092,68.92897874886533
20260717_204156_controller_right,exp1_system_characterization,continuous_translation,trial_001,event_004,exp1_system_characterization/continuous_translation,Capture-Hold,Capture-Hold,17,125,167.11560000112513,193.88956000475446,77.20069999992847,86.39533999934793,216.6406000033021,265.2447399974335,216.6406000033021,265.2447399974335,9.481288203659092,68.92897874886533
20260717_204156_controller_right,exp1_system_characterization,continuous_translation,trial_001,event_004,exp1_system_characterization/continuous_translation,EgoAnchor,EgoAnchor,17,125,166.99900000094203,193.77900000254158,77.20069999992847,86.39533999934793,216.63170000101672,265.23551999707706,284.9063277244568,295.25099992752075,9.481288203659092,68.92897874886533
20260717_204156_controller_right,exp1_system_characterization,continuous_translation,trial_001,event_004,exp1_system_characterization/continuous_translation,One-Euro Anchor,One-Euro Anchor,17,125,167.14499999943655,193.9210600045044,77.20069999992847,86.39533999934793,216.64140000211773,265.2455599964014,216.64140000211773,265.2455599964014,9.481288203659092,68.92897874886533
20260717_204156_controller_right,exp1_system_characterization,continuous_translation,trial_001,event_005,exp1_system_characterization/continuous_translation,Arrival-Hold,Arrival-Hold,22,146,166.7709500034107,182.91288499858638,73.13065000064671,81.19053499847651,48.91549999956624,96.37365000344289,48.91549999956624,96.37365000344289,9.89793998417156,66.92137403149054
20260717_204156_controller_right,exp1_system_characterization,continuous_translation,trial_001,event_005,exp1_system_characterization/continuous_translation,Capture-Hold,Capture-Hold,22,146,166.80225000163773,182.94342000190227,73.13065000064671,81.19053499847651,216.02865000386373,264.48775000426394,216.02865000386373,264.48775000426394,9.89793998417156,66.92137403149054
20260717_204156_controller_right,exp1_system_characterization,continuous_translation,trial_001,event_005,exp1_system_characterization/continuous_translation,EgoAnchor,EgoAnchor,22,146,166.68275000120047,182.82807000105095,73.13065000064671,81.19053499847651,216.01940000255127,264.47942500089994,282.390296459198,290.08349776268005,9.89793998417156,66.92137403149054
20260717_204156_controller_right,exp1_system_characterization,continuous_translation,trial_001,event_005,exp1_system_characterization/continuous_translation,One-Euro Anchor,One-Euro Anchor,22,146,166.83055000248714,182.9754900027183,73.13065000064671,81.19053499847651,216.02960000382154,264.48862500365067,216.02960000382154,264.48862500365067,9.89793998417156,66.92137403149054
20260717_204156_controller_right,exp1_system_characterization,continuous_translation,trial_001,event_006,exp1_system_characterization/continuous_translation,Arrival-Hold,Arrival-Hold,20,144,166.7614500001946,207.02875000060885,77.13735000044107,88.33572499845177,48.97979999805102,98.32490999506263,48.97979999805102,98.32490999506263,9.474265998715016,67.96639323263193
20260717_204156_controller_right,exp1_system_characterization,continuous_translation,trial_001,event_006,exp1_system_characterization/continuous_translation,Capture-Hold,Capture-Hold,20,144,166.7928499991831,207.05957500249497,77.13735000044107,88.33572499845177,222.4612999962119,277.32795500160137,222.4612999962119,277.32795500160137,9.474265998715016,67.96639323263193
20260717_204156_controller_right,exp1_system_characterization,continuous_translation,trial_001,event_006,exp1_system_characterization/continuous_translation,EgoAnchor,EgoAnchor,20,144,166.68154999933904,206.9395349968545,77.13735000044107,88.33572499845177,222.4533499975223,277.32129500400333,286.5167409181595,303.88177186250687,9.474265998715016,67.96639323263193
20260717_204156_controller_right,exp1_system_characterization,continuous_translation,trial_001,event_006,exp1_system_characterization/continuous_translation,One-Euro Anchor,One-Euro Anchor,20,144,166.81989999779034,207.08782499896188,77.13735000044107,88.33572499845177,222.4620999986655,277.32885500117845,222.4620999986655,277.32885500117845,9.474265998715016,67.96639323263193
20260717_204156_controller_right,exp1_system_characterization,continuous_translation,trial_001,event_007,exp1_system_characterization/continuous_translation,Arrival-Hold,Arrival-Hold,22,161,166.32625000056578,222.57453999700374,77.10719999857247,83.85060999691487,49.16860000230372,98.46960000140825,49.16860000230372,98.46960000140825,9.531508648555668,69.21127693948168
20260717_204156_controller_right,exp1_system_characterization,continuous_translation,trial_001,event_007,exp1_system_characterization/continuous_translation,Capture-Hold,Capture-Hold,22,161,166.36130000188132,222.6108849976299,77.10719999857247,83.85060999691487,223.27999999833992,278.2459000009112,223.27999999833992,278.2459000009112,9.531508648555668,69.21127693948168
20260717_204156_controller_right,exp1_system_characterization,continuous_translation,trial_001,event_007,exp1_system_characterization/continuous_translation,EgoAnchor,EgoAnchor,22,161,166.22950000237324,222.4953999997524,77.10719999857247,83.85060999691487,223.27280000172323,278.2375999959186,288.4339690208435,305.5052161216736,9.531508648555668,69.21127693948168
20260717_204156_controller_right,exp1_system_characterization,continuous_translation,trial_001,event_007,exp1_system_characterization/continuous_translation,One-Euro Anchor,One-Euro Anchor,22,161,166.39375000522705,222.64315499705845,77.10719999857247,83.85060999691487,223.2808000044315,278.2465999989654,223.2808000044315,278.2465999989654,9.531508648555668,69.21127693948168
20260717_204156_controller_right,exp1_system_characterization,continuous_translation,trial_001,event_008,exp1_system_characterization/continuous_translation,Arrival-Hold,Arrival-Hold,18,130,166.6265999992902,196.71502000164762,75.94395000301301,84.06833000332114,48.995999997714534,98.39598999824375,48.995999997714534,98.39598999824375,9.502963694887663,70.06920175593645
20260717_204156_controller_right,exp1_system_characterization,continuous_translation,trial_001,event_008,exp1_system_characterization/continuous_translation,Capture-Hold,Capture-Hold,18,130,166.66034999798285,196.7703699971025,75.94395000301301,84.06833000332114,216.17734999745153,265.5642949983303,216.17734999745153,265.5642949983303,9.502963694887663,70.06920175593645
20260717_204156_controller_right,exp1_system_characterization,continuous_translation,trial_001,event_008,exp1_system_characterization/continuous_translation,EgoAnchor,EgoAnchor,18,130,166.5450000000419,196.60931499929572,75.94395000301301,84.06833000332114,216.16849999918486,265.55520499859995,275.06764233112335,284.5266342163086,9.502963694887663,70.06920175593645
20260717_204156_controller_right,exp1_system_characterization,continuous_translation,trial_001,event_008,exp1_system_characterization/continuous_translation,One-Euro Anchor,One-Euro Anchor,18,130,166.6905999991286,196.80293000055823,75.94395000301301,84.06833000332114,216.17804999550572,265.5661399970995,216.17804999550572,265.5661399970995,9.502963694887663,70.06920175593645
20260717_204156_controller_right,exp1_system_characterization,continuous_translation,trial_001,event_009,exp1_system_characterization/continuous_translation,Arrival-Hold,Arrival-Hold,15,106,166.8299000011757,181.67180999880657,74.4320000000298,84.59570000134408,49.94395000176155,97.42369999548828,49.94395000176155,97.42369999548828,9.587243815988232,66.84178790699607
20260717_204156_controller_right,exp1_system_characterization,continuous_translation,trial_001,event_009,exp1_system_characterization/continuous_translation,Capture-Hold,Capture-Hold,15,106,166.8668999991496,181.7058399981761,74.4320000000298,84.59570000134408,216.99214999898686,274.16230000198993,216.99214999898686,274.16230000198993,9.587243815988232,66.84178790699607
20260717_204156_controller_right,exp1_system_characterization,continuous_translation,trial_001,event_009,exp1_system_characterization/continuous_translation,EgoAnchor,EgoAnchor,15,106,166.73540000192588,181.58959999855142,74.4320000000298,84.59570000134408,216.98235000076238,274.15407500120637,287.456214427948,292.93130338191986,9.587243815988232,66.84178790699607
20260717_204156_controller_right,exp1_system_characterization,continuous_translation,trial_001,event_009,exp1_system_characterization/continuous_translation,One-Euro Anchor,One-Euro Anchor,15,106,166.89839999889955,181.73590999867884,74.4320000000298,84.59570000134408,216.99290000105975,274.16310000080557,216.99290000105975,274.16310000080557,9.587243815988232,66.84178790699607
20260717_204156_controller_right,exp1_system_characterization,continuous_translation,trial_001,event_010,exp1_system_characterization/continuous_translation,Arrival-Hold,Arrival-Hold,20,138,173.90454999986105,183.81092499839727,73.77685000188649,83.35549000371248,45.26299999997718,96.01058499756618,45.26299999997718,96.01058499756618,9.752267761543951,69.99744483765076
20260717_204156_controller_right,exp1_system_characterization,continuous_translation,trial_001,event_010,exp1_system_characterization/continuous_translation,Capture-Hold,Capture-Hold,20,138,173.9372000010917,183.8513649941888,73.77685000188649,83.35549000371248,219.5555999969656,276.88894999846525,219.5555999969656,276.88894999846525,9.752267761543951,69.99744483765076
20260717_204156_controller_right,exp1_system_characterization,continuous_translation,trial_001,event_010,exp1_system_characterization/continuous_translation,EgoAnchor,EgoAnchor,20,138,173.82474999976694,183.72276499649163,73.77685000188649,83.35549000371248,219.54454999649897,276.88078999563004,284.2555344104767,295.3118473291397,9.752267761543951,69.99744483765076
20260717_204156_controller_right,exp1_system_characterization,continuous_translation,trial_001,event_010,exp1_system_characterization/continuous_translation,One-Euro Anchor,One-Euro Anchor,20,138,173.96765000012238,183.88216999665022,73.77685000188649,83.35549000371248,219.5564999965427,276.8897499972809,219.5564999965427,276.8897499972809,9.752267761543951,69.99744483765076
20260717_204156_controller_right,exp1_system_characterization,continuous_translation,trial_001,event_011,exp1_system_characterization/continuous_translation,Arrival-Hold,Arrival-Hold,13,98,167.0892999973148,195.1721399978851,73.6512000001967,90.36707999929783,43.204450001212535,99.46749000082487,43.204450001212535,99.46749000082487,9.524180664503607,69.5281689433973
20260717_204156_controller_right,exp1_system_characterization,continuous_translation,trial_001,event_011,exp1_system_characterization/continuous_translation,Capture-Hold,Capture-Hold,13,98,167.15390000172192,195.20401999616297,73.6512000001967,90.36707999929783,223.2134000005317,277.37035500322236,223.2134000005317,277.37035500322236,9.524180664503607,69.5281689433973
20260717_204156_controller_right,exp1_system_characterization,continuous_translation,trial_001,event_011,exp1_system_characterization/continuous_translation,EgoAnchor,EgoAnchor,13,98,167.00219999620458,195.0804399952176,73.6512000001967,90.36707999929783,223.2050499987963,277.3618200026249,287.7994179725647,293.6940610408783,9.524180664503607,69.5281689433973
20260717_204156_controller_right,exp1_system_characterization,continuous_translation,trial_001,event_011,exp1_system_characterization/continuous_translation,One-Euro Anchor,One-Euro Anchor,13,98,167.1864000018104,195.2313999965554,73.6512000001967,90.36707999929783,223.21419999934733,277.37105500236794,223.21419999934733,277.37105500236794,9.524180664503607,69.5281689433973
20260717_204156_controller_right,exp1_system_characterization,continuous_translation,trial_001,event_012,exp1_system_characterization/continuous_translation,Arrival-Hold,Arrival-Hold,16,115,174.94950000036624,208.46697500019218,77.20160000026226,89.86582499928772,48.811600005137734,104.8943900015729,48.811600005137734,104.8943900015729,9.234890549293889,68.06030692428278
20260717_204156_controller_right,exp1_system_characterization,continuous_translation,trial_001,event_012,exp1_system_characterization/continuous_translation,Capture-Hold,Capture-Hold,16,115,174.98745000193594,208.4996250050608,77.20160000026226,89.86582499928772,223.49549999489682,277.7079400002549,223.49549999489682,277.7079400002549,9.234890549293889,68.06030692428278
20260717_204156_controller_right,exp1_system_characterization,continuous_translation,trial_001,event_012,exp1_system_characterization/continuous_translation,EgoAnchor,EgoAnchor,16,115,174.85545000090497,208.3727750032267,77.20160000026226,89.86582499928772,223.48719999718014,277.7001999995264,293.39534044265747,300.8461803197861,9.234890549293889,68.06030692428278
20260717_204156_controller_right,exp1_system_characterization,continuous_translation,trial_001,event_012,exp1_system_characterization/continuous_translation,One-Euro Anchor,One-Euro Anchor,16,115,175.0244000031671,208.5296000022936,77.20160000026226,89.86582499928772,223.4963999944739,277.7087799993751,223.4963999944739,277.7087799993751,9.234890549293889,68.06030692428278
20260717_204156_controller_right,exp1_system_characterization,continuous_translation,trial_001,event_013,exp1_system_characterization/continuous_translation,Arrival-Hold,Arrival-Hold,17,121,166.39330000180053,181.91782000212697,73.96549999713898,79.1854600019753,48.87120000057621,92.74400000140304,48.87120000057621,92.74400000140304,9.810179766020573,69.03907957085906
20260717_204156_controller_right,exp1_system_characterization,continuous_translation,trial_001,event_013,exp1_system_characterization/continuous_translation,Capture-Hold,Capture-Hold,17,121,166.42470000078902,181.95256000035442,73.96549999713898,79.1854600019753,215.81239999795798,258.0757000032463,215.81239999795798,258.0757000032463,9.810179766020573,69.03907957085906
20260717_204156_controller_right,exp1_system_characterization,continuous_translation,trial_001,event_013,exp1_system_characterization/continuous_translation,EgoAnchor,EgoAnchor,17,121,166.31300000153715,181.83869999775197,73.96549999713898,79.1854600019753,215.80340000218712,258.0658000006224,270.67214250564575,279.6914279460907,9.810179766020573,69.03907957085906
20260717_204156_controller_right,exp1_system_characterization,continuous_translation,trial_001,event_013,exp1_system_characterization/continuous_translation,One-Euro Anchor,One-Euro Anchor,17,121,166.45460000290768,181.9827399973292,73.96549999713898,79.1854600019753,215.81310000328813,258.07650000206195,215.81310000328813,258.07650000206195,9.810179766020573,69.03907957085906
20260717_204156_controller_right,exp1_system_characterization,continuous_translation,trial_001,event_014,exp1_system_characterization/continuous_translation,Arrival-Hold,Arrival-Hold,19,107,167.01029999967432,195.25577999957022,75.7538000009954,82.84009999856352,49.392200002330355,97.95357999610131,49.392200002330355,97.95357999610131,9.77681540117192,56.54406615111048
20260717_204156_controller_right,exp1_system_characterization,continuous_translation,trial_001,event_014,exp1_system_characterization/continuous_translation,Capture-Hold,Capture-Hold,19,107,167.11690000374801,195.41691999911563,75.7538000009954,82.84009999856352,220.31050000077812,265.4748800014204,220.31050000077812,265.4748800014204,9.77681540117192,56.54406615111048
20260717_204156_controller_right,exp1_system_characterization,continuous_translation,trial_001,event_014,exp1_system_characterization/continuous_translation,EgoAnchor,EgoAnchor,19,107,166.90789999847766,195.04536000240478,75.7538000009954,82.84009999856352,220.30150000500726,265.46690999821294,285.27531027793884,292.35793352127075,9.77681540117192,56.54406615111048
20260717_204156_controller_right,exp1_system_characterization,continuous_translation,trial_001,event_014,exp1_system_characterization/continuous_translation,One-Euro Anchor,One-Euro Anchor,19,107,167.2467999960645,195.56286000224645,75.7538000009954,82.84009999856352,220.31120000610827,265.47571000046446,220.31120000610827,265.47571000046446,9.77681540117192,56.54406615111048
20260717_204156_controller_right,exp1_system_characterization,continuous_translation,trial_001,event_015,exp1_system_characterization/continuous_translation,Arrival-Hold,Arrival-Hold,20,144,166.53479999877163,183.44825499407307,76.2320499997586,79.90941999983042,45.42035000122269,94.78522999670528,45.42035000122269,94.78522999670528,9.778178420046844,68.000131815509
20260717_204156_controller_right,exp1_system_characterization,continuous_translation,trial_001,event_015,exp1_system_characterization/continuous_translation,Capture-Hold,Capture-Hold,20,144,166.56639999928302,183.4814749938232,76.2320499997586,79.90941999983042,215.95505000368576,265.475389999483,215.95505000368576,265.475389999483,9.778178420046844,68.000131815509
20260717_204156_controller_right,exp1_system_characterization,continuous_translation,trial_001,event_015,exp1_system_characterization/continuous_translation,EgoAnchor,EgoAnchor,20,144,166.450150001765,183.36691499971494,76.2320499997586,79.90941999983042,215.946400003304,265.46765999883064,279.0554016828537,287.11844980716705,9.778178420046844,68.000131815509
20260717_204156_controller_right,exp1_system_characterization,continuous_translation,trial_001,event_015,exp1_system_characterization/continuous_translation,One-Euro Anchor,One-Euro Anchor,20,144,166.5965500033053,183.5094649959501,76.2320499997586,79.90941999983042,215.95580000212067,265.4761049976514,215.95580000212067,265.4761049976514,9.778178420046844,68.000131815509
20260717_204156_controller_right,exp1_system_characterization,continuous_translation,trial_001,event_016,exp1_system_characterization/continuous_translation,Arrival-Hold,Arrival-Hold,20,146,166.91815000376664,184.00238999965953,76.38205000013113,84.10871999766678,49.22420000002603,98.20090000175696,49.22420000002603,98.20090000175696,9.542984944225216,70.76063288299761
20260717_204156_controller_right,exp1_system_characterization,continuous_translation,trial_001,event_016,exp1_system_characterization/continuous_translation,Capture-Hold,Capture-Hold,20,146,166.94949999873643,184.03291999893557,76.38205000013113,84.10871999766678,216.69679999831715,274.49087500463065,216.69679999831715,274.49087500463065,9.542984944225216,70.76063288299761
20260717_204156_controller_right,exp1_system_characterization,continuous_translation,trial_001,event_016,exp1_system_characterization/continuous_translation,EgoAnchor,EgoAnchor,20,146,166.83464999732678,183.91924999741607,76.38205000013113,84.10871999766678,216.68774999852758,274.4826500020281,283.054918050766,295.10049521923065,9.542984944225216,70.76063288299761
20260717_204156_controller_right,exp1_system_characterization,continuous_translation,trial_001,event_016,exp1_system_characterization/continuous_translation,One-Euro Anchor,One-Euro Anchor,20,146,166.9809000013629,184.05659999552884,76.38205000013113,84.10871999766678,216.6975000000093,274.49150000211375,216.6975000000093,274.49150000211375,9.542984944225216,70.76063288299761
20260717_204156_controller_right,exp1_system_characterization,continuous_translation,trial_001,event_017,exp1_system_characterization/continuous_translation,Arrival-Hold,Arrival-Hold,20,137,167.4454499989224,195.47614999610232,75.8099500015378,84.87743500415236,41.93860000668792,98.25520000013057,41.93860000668792,98.25520000013057,9.591266656997265,65.91322678785718
20260717_204156_controller_right,exp1_system_characterization,continuous_translation,trial_001,event_017,exp1_system_characterization/continuous_translation,Capture-Hold,Capture-Hold,20,137,167.47749999922235,195.51156499874196,75.8099500015378,84.87743500415236,217.0057999974233,265.9654999981285,217.0057999974233,265.9654999981285,9.591266656997265,65.91322678785718
20260717_204156_controller_right,exp1_system_characterization,continuous_translation,trial_001,event_017,exp1_system_characterization/continuous_translation,EgoAnchor,EgoAnchor,20,137,167.35854999933508,195.38653000163322,75.8099500015378,84.87743500415236,216.9953999982681,265.9565999987535,285.98061203956604,291.70323610305786,9.591266656997265,65.91322678785718
20260717_204156_controller_right,exp1_system_characterization,continuous_translation,trial_001,event_017,exp1_system_characterization/continuous_translation,One-Euro Anchor,One-Euro Anchor,20,137,167.50490000049467,195.5407550023665,75.8099500015378,84.87743500415236,217.00659999623895,265.9663599959458,217.00659999623895,265.9663599959458,9.591266656997265,65.91322678785718
20260717_204156_controller_right,exp1_system_characterization,continuous_translation,trial_001,event_018,exp1_system_characterization/continuous_translation,Arrival-Hold,Arrival-Hold,70,481,180.70274999990943,202.3361400046269,75.3068000022322,85.86735000032931,46.93019999831449,103.76030000043102,46.93019999831449,103.76030000043102,9.641010006180645,66.7819053369959
20260717_204156_controller_right,exp1_system_characterization,continuous_translation,trial_001,event_018,exp1_system_characterization/continuous_translation,Capture-Hold,Capture-Hold,70,481,180.7373000010557,202.3703650011157,75.3068000022322,85.86735000032931,222.99149999889778,277.89800000027753,222.99149999889778,277.89800000027753,9.641010006180645,66.7819053369959
20260717_204156_controller_right,exp1_system_characterization,continuous_translation,trial_001,event_018,exp1_system_characterization/continuous_translation,EgoAnchor,EgoAnchor,70,481,180.6271999994351,202.25194000158805,75.3068000022322,85.86735000032931,222.98359999695094,277.8896000017994,292.4468517303467,302.549546957016,9.641010006180645,66.7819053369959
20260717_204156_controller_right,exp1_system_characterization,continuous_translation,trial_001,event_018,exp1_system_characterization/continuous_translation,One-Euro Anchor,One-Euro Anchor,70,481,180.76695000127074,202.4000000030355,75.3068000022322,85.86735000032931,222.99219999695197,277.89880000636913,222.99219999695197,277.89880000636913,9.641010006180645,66.7819053369959
20260717_204943_controller_right,exp1_system_characterization,continuous_rotation,trial_001,,exp1_system_characterization/continuous_rotation,Arrival-Hold,Arrival-Hold,137,1021,166.58369999640854,194.68997999938438,75.29470000043511,85.25554000139236,48.14359999727458,97.95309999753954,48.14359999727458,97.95309999753954,9.635753565629885,70.98114318427128
20260717_204943_controller_right,exp1_system_characterization,continuous_rotation,trial_001,,exp1_system_characterization/continuous_rotation,Capture-Hold,Capture-Hold,137,1021,166.61909999675117,194.72183999459958,75.29470000043511,85.25554000139236,216.31690000504022,265.22290000139037,216.31690000504022,265.22290000139037,9.635753565629885,70.98114318427128
20260717_204943_controller_right,exp1_system_characterization,continuous_rotation,trial_001,,exp1_system_characterization/continuous_rotation,EgoAnchor,EgoAnchor,137,1021,166.50700000172947,194.60467999742832,75.29470000043511,85.25554000139236,216.30620000360068,265.2123000007123,279.6905040740967,282.40660429000854,9.635753565629885,70.98114318427128
20260717_204943_controller_right,exp1_system_characterization,continuous_rotation,trial_001,,exp1_system_characterization/continuous_rotation,One-Euro Anchor,One-Euro Anchor,137,1021,166.64899999886984,194.74975999473827,75.29470000043511,85.25554000139236,216.31750000233296,265.2234999986831,216.31750000233296,265.2234999986831,9.635753565629885,70.98114318427128
20260717_204943_controller_right,exp1_system_characterization,continuous_rotation,trial_001,event_001,exp1_system_characterization/continuous_rotation,Arrival-Hold,Arrival-Hold,216,1569,166.60234999653767,208.1585499981884,75.87989999912679,86.53622500225902,49.10859999654349,98.61339999915799,49.10859999654349,98.61339999915799,9.602601431374236,69.89582121457249
20260717_204943_controller_right,exp1_system_characterization,continuous_rotation,trial_001,event_001,exp1_system_characterization/continuous_rotation,Capture-Hold,Capture-Hold,216,1569,166.63714999958756,208.19202500206302,75.87989999912679,86.53622500225902,216.35860000242246,277.7539600021555,216.35860000242246,277.7539600021555,9.602601431374236,69.89582121457249
20260717_204943_controller_right,exp1_system_characterization,continuous_rotation,trial_001,event_001,exp1_system_characterization/continuous_rotation,EgoAnchor,EgoAnchor,216,1569,166.5151999986847,208.08070000020962,75.87989999912679,86.53622500225902,216.34700000140583,277.74352000269573,281.82026743888855,324.8219817876816,9.602601431374236,69.89582121457249
20260717_204943_controller_right,exp1_system_characterization,continuous_rotation,trial_001,event_001,exp1_system_characterization/continuous_rotation,One-Euro Anchor,One-Euro Anchor,216,1569,166.66760000225622,208.22125000267988,75.87989999912679,86.53622500225902,216.3594000012381,277.7545999997528,216.3594000012381,277.7545999997528,9.602601431374236,69.89582121457249
20260717_204943_controller_right,exp1_system_characterization,continuous_rotation,trial_001,event_002,exp1_system_characterization/continuous_rotation,Arrival-Hold,Arrival-Hold,185,1350,166.5971999973408,194.81527999596437,76.28450000286102,88.66587999910116,48.84404999756953,98.79962999875715,48.84404999756953,98.79962999875715,9.527221225676678,69.58247784668386
20260717_204943_controller_right,exp1_system_characterization,continuous_rotation,trial_001,event_002,exp1_system_characterization/continuous_rotation,Capture-Hold,Capture-Hold,185,1350,166.63079999852926,194.84601999865845,76.28450000286102,88.66587999910116,216.31015000093612,265.98055999711505,216.31015000093612,265.98055999711505,9.527221225676678,69.58247784668386
20260717_204943_controller_right,exp1_system_characterization,continuous_rotation,trial_001,event_002,exp1_system_characterization/continuous_rotation,EgoAnchor,EgoAnchor,185,1350,166.5186999962316,194.73047999927076,76.28450000286102,88.66587999910116,216.29804999975022,265.96937499598425,283.91772508621216,295.5964758992195,9.527221225676678,69.58247784668386
20260717_204943_controller_right,exp1_system_characterization,continuous_rotation,trial_001,event_002,exp1_system_characterization/continuous_rotation,One-Euro Anchor,One-Euro Anchor,185,1350,166.65500000090105,194.87382000224898,76.28450000286102,88.66587999910116,216.31089999937103,265.98131499558804,216.31089999937103,265.98131499558804,9.527221225676678,69.58247784668386
20260717_204943_controller_right,exp1_system_characterization,continuous_rotation,trial_001,event_003,exp1_system_characterization/continuous_rotation,Arrival-Hold,Arrival-Hold,227,1652,166.9510000065202,199.79915000003527,75.7846000008285,88.39638000130653,48.5844500035455,98.72601499955636,48.5844500035455,98.72601499955636,9.578618922173924,69.73123756456624
20260717_204943_controller_right,exp1_system_characterization,continuous_rotation,trial_001,event_003,exp1_system_characterization/continuous_rotation,Capture-Hold,Capture-Hold,227,1652,166.98570000153268,199.8479499998211,75.7846000008285,88.39638000130653,222.06309999819496,278.30652499869757,222.06309999819496,278.30652499869757,9.578618922173924,69.73123756456624
20260717_204943_controller_right,exp1_system_characterization,continuous_rotation,trial_001,event_003,exp1_system_characterization/continuous_rotation,EgoAnchor,EgoAnchor,227,1652,166.86640000261832,199.68968999964997,75.7846000008285,88.39638000130653,222.0525499978976,278.2938250038569,289.5442247390747,316.003954410553,9.578618922173924,69.73123756456624
20260717_204943_controller_right,exp1_system_characterization,continuous_rotation,trial_001,event_003,exp1_system_characterization/continuous_rotation,One-Euro Anchor,One-Euro Anchor,227,1652,167.01620000094408,199.92474000100626,75.7846000008285,88.39638000130653,222.06359999836423,278.3071350033424,222.06359999836423,278.3071350033424,9.578618922173924,69.73123756456624
20260717_205539_controller_right,exp1_system_characterization,occlusion_recovery,trial_001,,exp1_system_characterization/occlusion_recovery,Arrival-Hold,Arrival-Hold,251,1625,166.8726499992772,236.77084999508224,73.40230000019073,85.89514999836683,49.28070000096341,106.40024999702295,49.28070000096341,106.40024999702295,10.0008407106745,64.35617535308963
20260717_205539_controller_right,exp1_system_characterization,occlusion_recovery,trial_001,,exp1_system_characterization/occlusion_recovery,Capture-Hold,Capture-Hold,251,1625,166.90430000016931,236.80504999538243,73.40230000019073,85.89514999836683,223.43234999789274,403.10212000258616,223.43234999789274,403.10212000258616,10.0008407106745,64.35617535308963
20260717_205539_controller_right,exp1_system_characterization,occlusion_recovery,trial_001,,exp1_system_characterization/occlusion_recovery,EgoAnchor,EgoAnchor,251,1625,166.78925000087474,236.69194999456522,73.40230000019073,85.89514999836683,223.502050001116,464.68875000100616,289.8443639278412,841.1646000022301,10.0008407106745,64.35617535308963
20260717_205539_controller_right,exp1_system_characterization,occlusion_recovery,trial_001,,exp1_system_characterization/occlusion_recovery,One-Euro Anchor,One-Euro Anchor,251,1625,166.93244999987655,236.83287499625294,73.40230000019073,85.89514999836683,223.4330499995849,403.1033000042953,223.4330499995849,403.1033000042953,10.0008407106745,64.35617535308963
20260717_205539_controller_right,exp1_system_characterization,occlusion_recovery,trial_001,event_001,exp1_system_characterization/occlusion_recovery,Arrival-Hold,Arrival-Hold,49,237,27.994600000965875,333.1864199994011,32.10580000281334,89.91127999797455,69.08860000112327,694.5384200036641,69.08860000112327,694.5384200036641,13.29365988248974,64.00698826132304
20260717_205539_controller_right,exp1_system_characterization,occlusion_recovery,trial_001,event_001,exp1_system_characterization/occlusion_recovery,Capture-Hold,Capture-Hold,49,237,28.028699998685624,333.22325999906707,32.10580000281334,89.91127999797455,258.4692000018549,884.1573700017761,258.4692000018549,884.1573700017761,13.29365988248974,64.00698826132304
20260717_205539_controller_right,exp1_system_characterization,occlusion_recovery,trial_001,event_001,exp1_system_characterization/occlusion_recovery,EgoAnchor,EgoAnchor,49,237,27.91609999985667,333.1035199997127,32.10580000281334,89.91127999797455,276.5198999986751,973.2198199999401,872.8092500023195,900.1173250035208,13.29365988248974,64.00698826132304
20260717_205539_controller_right,exp1_system_characterization,occlusion_recovery,trial_001,event_001,exp1_system_characterization/occlusion_recovery,One-Euro Anchor,One-Euro Anchor,49,237,28.05860000080429,333.25330000225176,32.10580000281334,89.91127999797455,258.4703000029549,884.1582700013532,258.4703000029549,884.1582700013532,13.29365988248974,64.00698826132304
20260717_205539_controller_right,exp1_system_characterization,occlusion_recovery,trial_001,event_002,exp1_system_characterization/occlusion_recovery,Arrival-Hold,Arrival-Hold,30,207,166.58304999873508,194.96973500099557,73.7969000004232,80.47766500320284,48.944800000754185,97.70450000360142,48.944800000754185,97.70450000360142,9.873011286145385,66.98839959277817
20260717_205539_controller_right,exp1_system_characterization,occlusion_recovery,trial_001,event_002,exp1_system_characterization/occlusion_recovery,Capture-Hold,Capture-Hold,30,207,166.61539999768138,195.00249500051723,73.7969000004232,80.47766500320284,216.11049999773968,265.3186600000481,216.11049999773968,265.3186600000481,9.873011286145385,66.98839959277817
20260717_205539_controller_right,exp1_system_characterization,occlusion_recovery,trial_001,event_002,exp1_system_characterization/occlusion_recovery,EgoAnchor,EgoAnchor,30,207,166.50359999766806,194.88329500309192,73.7969000004232,80.47766500320284,216.10080000391463,265.3082299984817,,,9.873011286145385,66.98839959277817
20260717_205539_controller_right,exp1_system_characterization,occlusion_recovery,trial_001,event_002,exp1_system_characterization/occlusion_recovery,One-Euro Anchor,One-Euro Anchor,30,207,166.6451999990386,195.03185000248777,73.7969000004232,80.47766500320284,216.11139999731677,265.31945999886375,216.11139999731677,265.31945999886375,9.873011286145385,66.98839959277817
20260717_205539_controller_right,exp1_system_characterization,occlusion_recovery,trial_001,event_003,exp1_system_characterization/occlusion_recovery,Arrival-Hold,Arrival-Hold,52,256,-41.657699999632314,194.28850000258535,31.595900002866983,77.10715500004588,69.45550000091316,808.2279500034927,69.45550000091316,808.2279500034927,13.22728611724467,64.79351247716743
20260717_205539_controller_right,exp1_system_characterization,occlusion_recovery,trial_001,event_003,exp1_system_characterization/occlusion_recovery,Capture-Hold,Capture-Hold,52,256,-41.62429999996675,194.3219000058889,31.595900002866983,77.10715500004588,256.8774499995925,1008.1861250007931,256.8774499995925,1008.1861250007931,13.22728611724467,64.79351247716743
20260717_205539_controller_right,exp1_system_characterization,occlusion_recovery,trial_001,event_003,exp1_system_characterization/occlusion_recovery,EgoAnchor,EgoAnchor,52,256,-41.735099999641534,194.20465000439435,31.595900002866983,77.10715500004588,264.08565000019735,1059.1679050008677,996.022900002572,1023.7283499991463,13.22728611724467,64.79351247716743
20260717_205539_controller_right,exp1_system_characterization,occlusion_recovery,trial_001,event_003,exp1_system_characterization/occlusion_recovery,One-Euro Anchor,One-Euro Anchor,52,256,-41.59870000148658,194.35100000191596,31.595900002866983,77.10715500004588,256.87824999840814,1008.1873049955901,256.87824999840814,1008.1873049955901,13.22728611724467,64.79351247716743
20260717_205539_controller_right,exp1_system_characterization,occlusion_recovery,trial_001,event_004,exp1_system_characterization/occlusion_recovery,Arrival-Hold,Arrival-Hold,36,243,181.5639500018733,240.4179999994085,73.47164999693632,86.51657500024885,43.21989999880316,98.35440999668207,43.21989999880316,98.35440999668207,9.693352456745194,66.17822216358556
20260717_205539_controller_right,exp1_system_characterization,occlusion_recovery,trial_001,event_004,exp1_system_characterization/occlusion_recovery,Capture-Hold,Capture-Hold,36,243,181.60010000065085,240.45534999822848,73.47164999693632,86.51657500024885,235.49980000098003,318.7173399979656,235.49980000098003,318.7173399979656,9.693352456745194,66.17822216358556
20260717_205539_controller_right,exp1_system_characterization,occlusion_recovery,trial_001,event_004,exp1_system_characterization/occlusion_recovery,EgoAnchor,EgoAnchor,36,243,181.4804500027094,240.32987500140734,73.47164999693632,86.51657500024885,235.4907999979332,318.70856000386993,,,9.693352456745194,66.17822216358556
20260717_205539_controller_right,exp1_system_characterization,occlusion_recovery,trial_001,event_004,exp1_system_characterization/occlusion_recovery,One-Euro Anchor,One-Euro Anchor,36,243,181.63044999892008,240.48892499922658,73.47164999693632,86.51657500024885,235.50049999903422,318.71806000272045,235.50049999903422,318.71806000272045,9.693352456745194,66.17822216358556
20260717_205539_controller_right,exp1_system_characterization,occlusion_recovery,trial_001,event_005,exp1_system_characterization/occlusion_recovery,Arrival-Hold,Arrival-Hold,34,204,-0.22360000002663583,201.34084999881452,33.269950000569224,84.08154499810185,72.03809999919031,731.8910999987567,72.03809999919031,731.8910999987567,11.175125389987492,65.89896001381274
20260717_205539_controller_right,exp1_system_characterization,occlusion_recovery,trial_001,event_005,exp1_system_characterization/occlusion_recovery,Capture-Hold,Capture-Hold,34,204,-0.19099999917671084,201.3886500026274,33.269950000569224,84.08154499810185,256.6048499975295,924.3127300051128,256.6048499975295,924.3127300051128,11.175125389987492,65.89896001381274
20260717_205539_controller_right,exp1_system_characterization,occlusion_recovery,trial_001,event_005,exp1_system_characterization/occlusion_recovery,EgoAnchor,EgoAnchor,34,204,-0.29879999783588573,201.23975000024075,33.269950000569224,84.08154499810185,277.0335499990324,1106.8552049971913,892.4803500049165,930.6106750027539,11.175125389987492,65.89896001381274
20260717_205539_controller_right,exp1_system_characterization,occlusion_recovery,trial_001,event_005,exp1_system_characterization/occlusion_recovery,One-Euro Anchor,One-Euro Anchor,34,204,-0.16399999731220305,201.42549999945913,33.269950000569224,84.08154499810185,256.6057499971066,924.3135950044234,256.6057499971066,924.3135950044234,11.175125389987492,65.89896001381274
20260717_205539_controller_right,exp1_system_characterization,occlusion_recovery,trial_001,event_006,exp1_system_characterization/occlusion_recovery,Arrival-Hold,Arrival-Hold,23,162,181.20269999781158,260.67613999985036,75.715799998492,93.67778000235556,42.262099999788916,104.37581000296632,42.262099999788916,104.37581000296632,9.515561056497129,66.08962623566048
20260717_205539_controller_right,exp1_system_characterization,occlusion_recovery,trial_001,event_006,exp1_system_characterization/occlusion_recovery,Capture-Hold,Capture-Hold,23,162,181.23339999874588,260.71244000195287,75.715799998492,93.67778000235556,223.5435000002326,320.37768000118376,223.5435000002326,320.37768000118376,9.515561056497129,66.08962623566048
20260717_205539_controller_right,exp1_system_characterization,occlusion_recovery,trial_001,event_006,exp1_system_characterization/occlusion_recovery,EgoAnchor,EgoAnchor,23,162,181.12359999940963,260.591770002793,75.715799998492,93.67778000235556,223.53319999820087,320.3707899996516,,,9.515561056497129,66.08962623566048
20260717_205539_controller_right,exp1_system_characterization,occlusion_recovery,trial_001,event_006,exp1_system_characterization/occlusion_recovery,One-Euro Anchor,One-Euro Anchor,23,162,181.26070000289474,260.74395000250655,75.715799998492,93.67778000235556,223.5444500001904,320.3783899993141,223.5444500001904,320.3783899993141,9.515561056497129,66.08962623566048
20260717_205539_controller_right,exp1_system_characterization,occlusion_recovery,trial_001,event_007,exp1_system_characterization/occlusion_recovery,Arrival-Hold,Arrival-Hold,37,223,-55.25129999296041,218.1113200029358,31.823599997907877,91.12348000034672,83.71824999994715,846.9277700012755,83.71824999994715,846.9277700012755,11.534779282000862,69.8315543376654
20260717_205539_controller_right,exp1_system_characterization,occlusion_recovery,trial_001,event_007,exp1_system_characterization/occlusion_recovery,Capture-Hold,Capture-Hold,37,223,-55.21999999473337,218.1468000024324,31.823599997907877,91.12348000034672,264.7852999980387,999.9707999999374,264.7852999980387,999.9707999999374,11.534779282000862,69.8315543376654
20260717_205539_controller_right,exp1_system_characterization,occlusion_recovery,trial_001,event_007,exp1_system_characterization/occlusion_recovery,EgoAnchor,EgoAnchor,37,223,-55.33139999897685,218.00242000026626,31.823599997907877,91.12348000034672,264.77629999862984,999.9632899984136,885.5955500002892,919.2739250029263,11.534779282000862,69.8315543376654
20260717_205539_controller_right,exp1_system_characterization,occlusion_recovery,trial_001,event_007,exp1_system_characterization/occlusion_recovery,One-Euro Anchor,One-Euro Anchor,37,223,-55.185099998197984,218.17943999922133,31.823599997907877,91.12348000034672,264.7861000004923,999.9715300007666,264.7861000004923,999.9715300007666,11.534779282000862,69.8315543376654
20260717_205539_controller_right,exp1_system_characterization,occlusion_recovery,trial_001,event_008,exp1_system_characterization/occlusion_recovery,Arrival-Hold,Arrival-Hold,26,182,166.0761499988439,194.81222500326112,71.92700000107288,82.95454999990761,41.95244999937131,103.6642499973822,41.95244999937131,103.6642499973822,9.873515526813293,69.61957517827157
20260717_205539_controller_right,exp1_system_characterization,occlusion_recovery,trial_001,event_008,exp1_system_characterization/occlusion_recovery,Capture-Hold,Capture-Hold,26,182,166.10745000070892,194.8445250018267,71.92700000107288,82.95454999990761,216.06454999709968,265.4624549977598,216.06454999709968,265.4624549977598,9.873515526813293,69.61957517827157
20260717_205539_controller_right,exp1_system_characterization,occlusion_recovery,trial_001,event_008,exp1_system_characterization/occlusion_recovery,EgoAnchor,EgoAnchor,26,182,165.99264999968,194.72685000073398,71.92700000107288,82.95454999990761,216.05455000099028,265.45278500379936,,,9.873515526813293,69.61957517827157
20260717_205539_controller_right,exp1_system_characterization,occlusion_recovery,trial_001,event_008,exp1_system_characterization/occlusion_recovery,One-Euro Anchor,One-Euro Anchor,26,182,166.1373499991896,194.87552500322272,71.92700000107288,82.95454999990761,216.06525000242982,265.46335999737494,216.06525000242982,265.46335999737494,9.873515526813293,69.61957517827157
20260717_205539_controller_right,exp1_system_characterization,occlusion_recovery,trial_001,event_009,exp1_system_characterization/occlusion_recovery,Arrival-Hold,Arrival-Hold,42,245,41.190500000084285,208.2954100020288,32.07579999603331,90.56858999691902,70.11929999862332,774.1480599979694,70.11929999862332,774.1480599979694,11.971699835964229,69.5997086853015
20260717_205539_controller_right,exp1_system_characterization,occlusion_recovery,trial_001,event_009,exp1_system_characterization/occlusion_recovery,Capture-Hold,Capture-Hold,42,245,41.22990000178106,208.3324100029131,32.07579999603331,90.56858999691902,258.34539999777917,982.3937900051532,258.34539999777917,982.3937900051532,11.971699835964229,69.5997086853015
20260717_205539_controller_right,exp1_system_characterization,occlusion_recovery,trial_001,event_009,exp1_system_characterization/occlusion_recovery,EgoAnchor,EgoAnchor,42,245,41.110599995590746,208.21470000009867,32.07579999603331,90.56858999691902,264.7360999981174,1066.1405900005773,848.4985000031884,878.7833800015505,11.971699835964229,69.5997086853015
20260717_205539_controller_right,exp1_system_characterization,occlusion_recovery,trial_001,event_009,exp1_system_characterization/occlusion_recovery,One-Euro Anchor,One-Euro Anchor,42,245,41.260300000431016,208.36209000262897,32.07579999603331,90.56858999691902,258.34609999583336,982.3944200026743,258.34609999583336,982.3944200026743,11.971699835964229,69.5997086853015
20260717_205539_controller_right,exp1_system_characterization,occlusion_recovery,trial_001,event_010,exp1_system_characterization/occlusion_recovery,Arrival-Hold,Arrival-Hold,44,287,181.91880000085803,298.65411500031774,72.86409999802709,84.10485000237823,48.5227000026498,105.01177000114694,48.5227000026498,105.01177000114694,9.579633645405066,61.017351691957636
20260717_205539_controller_right,exp1_system_characterization,occlusion_recovery,trial_001,event_010,exp1_system_characterization/occlusion_recovery,Capture-Hold,Capture-Hold,44,287,181.95270000069286,298.6863450005331,72.86409999802709,84.10485000237823,235.79149999568472,346.07743999658845,235.79149999568472,346.07743999658845,9.579633645405066,61.017351691957636
20260717_205539_controller_right,exp1_system_characterization,occlusion_recovery,trial_001,event_010,exp1_system_characterization/occlusion_recovery,EgoAnchor,EgoAnchor,44,287,181.84135000410606,298.571520000769,72.86409999802709,84.10485000237823,235.78160000033677,346.0698999995656,,,9.579633645405066,61.017351691957636
20260717_205539_controller_right,exp1_system_characterization,occlusion_recovery,trial_001,event_010,exp1_system_characterization/occlusion_recovery,One-Euro Anchor,One-Euro Anchor,44,287,181.9835000023886,298.71562500302394,72.86409999802709,84.10485000237823,235.7923999952618,346.0782399954041,235.7923999952618,346.0782399954041,9.579633645405066,61.017351691957636
20260717_205539_controller_right,exp1_system_characterization,occlusion_recovery,trial_001,event_011,exp1_system_characterization/occlusion_recovery,Arrival-Hold,Arrival-Hold,33,212,98.41790000064066,235.93564000038896,32.692800000309944,87.65310000032184,70.58369999867864,719.8292499968373,70.58369999867864,719.8292499968373,10.7474513174981,70.41160991995763
20260717_205539_controller_right,exp1_system_characterization,occlusion_recovery,trial_001,event_011,exp1_system_characterization/occlusion_recovery,Capture-Hold,Capture-Hold,33,212,98.45489999861456,235.96726000250783,32.692800000309944,87.65310000032184,277.4590500011982,901.302465000117,277.4590500011982,901.302465000117,10.7474513174981,70.41160991995763
20260717_205539_controller_right,exp1_system_characterization,occlusion_recovery,trial_001,event_011,exp1_system_characterization/occlusion_recovery,EgoAnchor,EgoAnchor,33,212,98.34260000206996,235.84616000152892,32.692800000309944,87.65310000032184,298.9223500007938,1025.834215001305,847.2060999993118,887.5673200018355,10.7474513174981,70.41160991995763
20260717_205539_controller_right,exp1_system_characterization,occlusion_recovery,trial_001,event_011,exp1_system_characterization/occlusion_recovery,One-Euro Anchor,One-Euro Anchor,33,212,98.48870000132592,235.99670000112383,32.692800000309944,87.65310000032184,277.45985000001383,901.3032649989326,277.45985000001383,901.3032649989326,10.7474513174981,70.41160991995763
20260717_205539_controller_right,exp1_system_characterization,occlusion_recovery,trial_001,event_012,exp1_system_characterization/occlusion_recovery,Arrival-Hold,Arrival-Hold,24,166,181.71445000189124,249.5018199999322,72.51854999922216,89.016094998084,45.74710000088089,98.7676749991806,45.74710000088089,98.7676749991806,9.87707719763207,69.28470761805137
20260717_205539_controller_right,exp1_system_characterization,occlusion_recovery,trial_001,event_012,exp1_system_characterization/occlusion_recovery,Capture-Hold,Capture-Hold,24,166,181.74519999956829,249.53846999560483,72.51854999922216,89.016094998084,234.17824999705772,315.1984999967681,234.17824999705772,315.1984999967681,9.87707719763207,69.28470761805137
20260717_205539_controller_right,exp1_system_characterization,occlusion_recovery,trial_001,event_012,exp1_system_characterization/occlusion_recovery,EgoAnchor,EgoAnchor,24,166,181.63164999714354,249.42125500092516,72.51854999922216,89.016094998084,234.16899999938323,315.1909749958577,,,9.87707719763207,69.28470761805137
20260717_205539_controller_right,exp1_system_characterization,occlusion_recovery,trial_001,event_012,exp1_system_characterization/occlusion_recovery,One-Euro Anchor,One-Euro Anchor,24,166,181.7716500008828,249.56814000033773,72.51854999922216,89.016094998084,234.17904999951134,315.19920000027923,234.17904999951134,315.19920000027923,9.87707719763207,69.28470761805137
20260717_205539_controller_right,exp1_system_characterization,occlusion_recovery,trial_001,event_013,exp1_system_characterization/occlusion_recovery,Arrival-Hold,Arrival-Hold,26,217,-34.4041999996989,205.46854999520292,33.14455000124872,91.20087499916553,270.9185999992769,1384.8146999989694,93.91050000340329,906.2740499975916,10.518578544550499,68.25128885922373
20260717_205539_controller_right,exp1_system_characterization,occlusion_recovery,trial_001,event_013,exp1_system_characterization/occlusion_recovery,Capture-Hold,Capture-Hold,26,217,-34.364999999525025,205.50797499709006,33.14455000124872,91.20087499916553,485.1367000010214,1579.5353499961493,277.6435500018124,1100.9956500001863,10.518578544550499,68.25128885922373
20260717_205539_controller_right,exp1_system_characterization,occlusion_recovery,trial_001,event_013,exp1_system_characterization/occlusion_recovery,EgoAnchor,EgoAnchor,26,217,-34.48750000097789,205.3751249986817,33.14455000124872,91.20087499916553,568.5381000002963,1662.9403000006278,,,10.518578544550499,68.25128885922373
20260717_205539_controller_right,exp1_system_characterization,occlusion_recovery,trial_001,event_013,exp1_system_characterization/occlusion_recovery,One-Euro Anchor,One-Euro Anchor,26,217,-34.33279999444494,205.5454249984905,33.14455000124872,91.20087499916553,485.13760000059847,1579.5360999982222,277.64440000100876,1100.996524999573,10.518578544550499,68.25128885922373
20260717_205539_controller_right,exp1_system_characterization,occlusion_recovery,trial_001,event_014,exp1_system_characterization/occlusion_recovery,Arrival-Hold,Arrival-Hold,78,532,167.44405000281404,244.4751299950435,70.66014999896288,92.94591500107197,48.42800000187708,96.64885999955,48.42800000187708,96.64885999955,9.97158706341891,67.61789294240455
20260717_205539_controller_right,exp1_system_characterization,occlusion_recovery,trial_001,event_014,exp1_system_characterization/occlusion_recovery,Capture-Hold,Capture-Hold,78,532,167.47700000269106,244.51124000006482,70.66014999896288,92.94591500107197,223.3297999991919,307.9472600002191,223.3297999991919,307.9472600002191,9.97158706341891,67.61789294240455
20260717_205539_controller_right,exp1_system_characterization,occlusion_recovery,trial_001,event_014,exp1_system_characterization/occlusion_recovery,EgoAnchor,EgoAnchor,78,532,167.354350003734,244.38828499769394,70.66014999896288,92.94591500107197,223.36360000190325,319.46569999709027,289.06407952308655,949.2334899950947,9.97158706341891,67.61789294240455
20260717_205539_controller_right,exp1_system_characterization,occlusion_recovery,trial_001,event_014,exp1_system_characterization/occlusion_recovery,One-Euro Anchor,One-Euro Anchor,78,532,167.5131500014686,244.5442749973149,70.66014999896288,92.94591500107197,223.33079999953043,307.94847999641206,223.33079999953043,307.94847999641206,9.97158706341891,67.61789294240455
