segment,variant,active_frames,duration_s,reference_speed_median_m_s,reference_speed_p95_m_s,translation_median_mm,translation_p95_mm,rotation_median_deg,rotation_p95_deg,trailing_distance_median_mm,trailing_distance_p95_mm,cross_track_median_mm,cross_track_p95_mm,effective_lag_ms,lag_compensated_residual_mm,translation_jump_p95_mm,translation_jump_p99_mm,rotation_jump_p99_deg,update_rate_hz,hold_ratio_pct,observation_lag_median_ms,output_target_lag_median_ms,display_coverage_pct
1,Arrival-Hold,127,2.362429600005271,0.29278623872459025,0.42834059864332247,35.50795677130546,54.18532676066907,3.8202552138830743,5.294216883460886,35.480986608708,53.70221458740792,3.398528946405616,6.600402234311644,205.00000000000003,5.474749241994891,21.507086477306977,31.02499071660149,2.7499485342910117,9.867064872151978,85.8267716535433,216.14789999875939,45.08419999910984,100.0
1,Capture-Hold,127,2.362429600005271,0.29278623872459025,0.42834059864332247,49.44304837811152,70.34775326734831,4.6455570169771985,6.606730146737852,49.421217734787554,70.30209826317287,3.6122322719292814,6.979548036529168,260.0,5.051251312157501,22.201261202173665,31.477335520473765,2.704555287768844,9.867064872151978,85.8267716535433,216.14789999875939,216.14789999875939,100.0
1,One-Euro Anchor,127,2.362429600005271,0.29278623872459025,0.42834059864332247,76.19344208680924,104.03749111067349,6.429719605250481,8.529486835433405,75.9224679360924,103.6272922620622,5.178335614952219,10.89653042508615,385.0,4.38262177083532,20.673339535446956,30.585245781479124,2.0238317224151428,9.867064872151978,85.8267716535433,216.14789999875939,216.14789999875939,100.0
1,EgoAnchor,127,2.362429600005271,0.29278623872459025,0.42834059864332247,74.24696014337401,102.46268135313153,6.246401931231071,7.864737355937235,73.76383556844098,102.29667356718835,4.728880835815623,8.715061799642427,325.0,5.494272281117152,7.0836304413589675,8.736105103505091,0.6955562521372253,44.949962195359014,35.43307086614173,216.14789999875939,277.22667483612895,100.0
1,EgoAnchor w/o capture-time alignment,127,2.362429600005271,0.29278623872459025,0.42834059864332247,82.42339024522767,101.32941865035865,6.895667834819766,8.309855345436633,82.19498221773351,101.2094798391877,5.5237107746200715,10.904804757947563,390.0,5.0828613134366645,5.977923887289076,11.050548876536606,0.8507941328666538,49.33532436075989,29.133858267716533,216.14789999875939,250.02360000507906,100.0
1,EgoAnchor w/o VCD,127,2.362429600005271,0.29278623872459025,0.42834059864332247,74.24739282747386,102.46267020126776,6.246412983627596,7.864705358538578,73.7641207378608,102.29666130144331,4.72894218980213,8.715076457986079,325.0,5.494829254559653,7.084291244530963,8.736389443333776,0.6955845136494798,44.949962195359014,35.43307086614173,216.14789999875939,277.2303382807877,100.0
1,EgoAnchor w/o temporal synthesis,127,2.362429600005271,0.29278623872459025,0.42834059864332247,59.370179805352194,100.4771071339064,5.468460186318328,8.199038925333378,59.20811222163992,100.27778216486335,3.702639442470818,8.011347304563348,245.0,10.315755749856686,20.909167204983934,31.513017993714765,2.5924214281223468,31.245705428481266,55.118110236220474,216.14789999875939,194.46380000226782,100.0
1,EgoAnchor w/o StaticLock,127,2.362429600005271,0.29278623872459025,0.42834059864332247,65.65937353679492,83.62386206652916,5.928488507261168,7.486469018867208,65.48948720712188,83.48607570566448,4.336294046633965,8.2136327842771,335.0,3.1115030949638163,6.268053660939959,7.360117581720803,0.6090768935074878,69.61762437573896,0.0,216.14789999875939,285.08893993421225,100.0
2,Arrival-Hold,112,1.583068899999489,0.24867491681520165,0.31401001373160536,31.26721764967828,47.70172621888823,2.0851187500872035,3.4512586423148934,30.828587917192536,46.928096731932506,5.767930312611966,12.173363287340276,170.0,8.766116837267496,22.108487741296987,26.83497803621585,2.767934469771518,9.522383886891268,86.60714285714286,216.26499999911175,42.75665000022855,100.0
2,Capture-Hold,112,1.583068899999489,0.24867491681520165,0.31401001373160536,45.16323713696805,59.395059606163784,2.219238169678082,3.933077759030515,44.81679871574424,58.84425637979629,5.07091505064105,17.693665787926022,240.0,6.34064360531047,21.961115380016764,26.80330274084021,2.652175748824975,9.522383886891268,86.60714285714286,216.26499999911175,216.26499999911175,100.0
2,One-Euro Anchor,112,1.583068899999489,0.24867491681520165,0.31401001373160536,71.11843891198656,84.78278940775017,1.981131428135118,4.721783882463701,67.83728323473011,83.70335512712171,9.683570564911395,43.47336990422266,370.0,6.177054298986343,21.486192397292566,25.991236046672757,1.4904752455708377,9.522383886891268,86.60714285714286,216.26499999911175,216.26499999911175,100.0
2,EgoAnchor,112,1.583068899999489,0.24867491681520165,0.31401001373160536,58.79110281243159,65.47799891692836,2.476389836889603,3.996888512544909,57.994899160094995,65.30305363462826,6.479868868864278,28.374140523829972,310.0,3.894558837538123,5.213557978448048,6.026828500508559,0.7931372088239942,71.1004663554548,0.0,216.26499999911175,279.8937727275188,100.0
2,EgoAnchor w/o capture-time alignment,112,1.583068899999489,0.24867491681520165,0.31401001373160536,70.9824803296651,80.9875443493002,2.7068222945088802,4.637898556373059,70.21769757574211,80.73749775364189,11.084031187842179,37.87166202402617,385.0,7.449837844790412,5.342824555600158,6.6758678655303365,0.7621384818592875,71.1004663554548,0.0,216.26499999911175,250.02259999746457,100.0
2,EgoAnchor w/o VCD,112,1.583068899999489,0.24867491681520165,0.31401001373160536,58.79138603362212,65.47827016816089,2.4764102933150443,3.9969478803085288,57.99518822870628,65.30351165669562,6.479960864519224,28.374645835384175,310.0,3.8945667292350703,5.214883332179216,6.026726907107878,0.7931935891330083,71.1004663554548,0.0,216.26499999911175,279.89538546535186,100.0
2,EgoAnchor w/o temporal synthesis,112,1.583068899999489,0.24867491681520165,0.31401001373160536,45.16323713696805,59.395059606163784,2.219238169678082,3.933077759030515,44.81679871574424,58.84425637979629,5.07091505064105,17.693665787926022,240.0,6.34064360531047,21.961115380016764,26.80330274084021,2.652175748824975,9.522383886891268,86.60714285714286,216.26499999911175,216.26499999911175,100.0
2,EgoAnchor w/o StaticLock,112,1.583068899999489,0.24867491681520165,0.31401001373160536,58.79151776175641,65.4783669053501,2.4764089432549534,3.996958985959976,57.99531554558772,65.30365727436569,6.479961575517578,28.374702714470114,310.0,3.894585877529694,5.214836013237936,6.026630580806391,0.7932220755329775,71.1004663554548,0.0,216.26499999911175,279.8958296116325,100.0
3,Arrival-Hold,152,2.192293399995833,0.3418962857412864,0.47378041855782393,41.349737017892465,61.8161041705519,2.7712000285639915,3.916850857319907,40.84388167440751,61.6865178690473,6.005350908858505,8.838079168169347,170.0,8.455092417861879,24.87554626085986,36.17802051073188,2.5957818712872047,9.179324764276128,86.8421052631579,216.3461499985715,42.499600000155624,100.0
3,Capture-Hold,152,2.192293399995833,0.3418962857412864,0.47378041855782393,62.989272436879524,85.17288736832062,3.0059690713356755,4.489105908787732,62.62651267406223,85.0926503141838,5.682603713166736,14.499308170483111,265.0,9.438615894941375,24.376736132377992,35.92981780138095,2.586399297358313,9.179324764276128,86.8421052631579,216.3461499985715,216.3461499985715,100.0
3,One-Euro Anchor,152,2.192293399995833,0.3418962857412864,0.47378041855782393,95.24202664340297,121.24934942178248,3.538240491266896,5.193262945372579,95.13082717513558,121.20238138902387,7.279882742709523,36.03171842288653,380.0,8.772014348620646,24.309384858482648,35.144057734676515,1.9243518415788572,9.179324764276128,86.8421052631579,216.3461499985715,216.3461499985715,100.0
3,EgoAnchor,152,2.192293399995833,0.3418962857412864,0.47378041855782393,82.38285912735105,98.18462728388285,3.368910998112937,4.838464494300335,82.31104167830391,98.15381708724856,6.033627312739165,16.444871298070897,330.0,7.1236027680163945,7.327795184690104,8.267928348516152,0.6567494720011499,69.76286820849857,0.0,216.3461499985715,280.1859477731341,100.0
3,EgoAnchor w/o capture-time alignment,152,2.192293399995833,0.3418962857412864,0.47378041855782393,92.38813098215203,113.39860712546556,3.577121930119488,5.312319628542325,92.25407035839285,113.35960865397922,7.140971427830776,23.103102150229684,375.0,6.352433306322501,7.844096052364138,8.851410718265818,0.7193775611410022,69.76286820849857,0.0,216.3461499985715,250.02260000474053,100.0
3,EgoAnchor w/o VCD,152,2.192293399995833,0.3418962857412864,0.47378041855782393,82.38314403370181,98.18530900903293,3.3689125238558533,4.8385136683384555,82.31132688590745,98.1544997927549,6.03363116870806,16.445296628691167,330.0,7.123727999328738,7.3281428506672,8.26790513104373,0.6567791950022729,69.76286820849857,0.0,216.3461499985715,280.18865422927774,100.0
3,EgoAnchor w/o temporal synthesis,152,2.192293399995833,0.3418962857412864,0.47378041855782393,62.989272436879524,85.17288736832062,3.0059690713356755,4.489105908787732,62.62651267406223,85.0926503141838,5.682603713166736,14.499308170483111,265.0,9.438615894941375,24.376736132377992,35.92981780138095,2.586399297358313,9.179324764276128,86.8421052631579,216.3461499985715,216.3461499985715,100.0
3,EgoAnchor w/o StaticLock,152,2.192293399995833,0.3418962857412864,0.47378041855782393,82.38335336204074,98.18553015713182,3.3689118117525454,4.838516868677359,82.31153652155135,98.15472178618388,6.03361662484531,16.445418124715484,330.0,7.123797598849279,7.328071437817336,8.267866396529783,0.6567789014541453,69.76286820849857,0.0,216.3461499985715,280.18935367435915,100.0
4,Arrival-Hold,114,1.8190697000027285,0.33134126983970213,0.4181914744803213,42.196135074123845,64.0271487925104,2.9660510170742613,7.214222147740749,41.9737020563889,63.84481700371969,3.8663116725836595,14.177051340268322,215.0,7.430190015929993,24.618557105024554,32.54392440104942,3.7611659470785916,9.485077098578952,85.96491228070175,216.4731999982905,49.11845000242465,100.0
4,Capture-Hold,114,1.8190697000027285,0.33134126983970213,0.4181914744803213,58.15040789831528,81.95915933021715,3.45644079387855,7.431344816652362,57.59904841385281,80.85710086811595,6.280972350061993,16.623489629701037,285.00000000000006,5.422866254868158,24.560301945359726,32.63123093247413,3.853214899791724,9.485077098578952,85.96491228070175,216.4731999982905,216.4731999982905,100.0
4,One-Euro Anchor,114,1.8190697000027285,0.33134126983970213,0.4181914744803213,87.50326686938058,116.5018083769516,3.856181697893787,5.981162031426713,86.13531434295024,115.79822176017578,13.80128471620193,31.471415048630494,400.0,6.378031504145922,22.177431286418482,32.56967253742649,2.0665306729945603,9.485077098578952,85.96491228070175,216.4731999982905,216.4731999982905,100.0
4,EgoAnchor,114,1.8190697000027285,0.33134126983970213,0.4181914744803213,74.64181979564735,93.36090295833694,3.602138019748505,6.813950751746966,73.66714900498206,93.1721835849186,8.794704337190606,20.044895999590896,335.0,2.618042650575046,6.639013503941988,7.643706607700941,0.9537658157113852,67.58117432737502,0.0,216.4731999982905,285.20615511297365,100.0
4,EgoAnchor w/o capture-time alignment,114,1.8190697000027285,0.33134126983970213,0.4181914744803213,85.67242122732526,110.39498071419307,3.760007024970827,8.04636709058828,85.36483839305525,109.67576609212347,12.113870109021988,28.575344461588628,405.0,4.23434470045465,7.0837309266802695,8.21451045758814,1.0217671747465817,67.58117432737502,0.0,216.4731999982905,250.02289999974892,100.0
4,EgoAnchor w/o VCD,114,1.8190697000027285,0.33134126983970213,0.4181914744803213,74.64232082495474,93.36192720342262,3.602129898166918,6.813981839460294,73.66763863558258,93.17232787796132,8.794998003043847,20.045442915136206,335.0,2.6179664363399024,6.639314840228098,7.6447504479073976,0.9537541630039827,67.58117432737502,0.0,216.4731999982905,285.2095073394594,100.0
4,EgoAnchor w/o temporal synthesis,114,1.8190697000027285,0.33134126983970213,0.4181914744803213,58.15040789831528,81.95915933021715,3.45644079387855,7.431344816652362,57.59904841385281,80.85710086811595,6.280972350061993,16.623489629701037,285.00000000000006,5.422866254868158,24.560301945359726,32.63123093247413,3.853214899791724,9.485077098578952,85.96491228070175,216.4731999982905,216.4731999982905,100.0
4,EgoAnchor w/o StaticLock,114,1.8190697000027285,0.33134126983970213,0.4181914744803213,74.64247213098146,93.36199523558676,3.602128433663571,6.813978492136898,73.66772202370124,93.17245664024024,8.795037635547807,20.04551287081857,335.0,2.6179780985126415,6.63936533390487,7.6448790738482195,0.9537685217735006,67.58117432737502,0.0,216.4731999982905,285.2096461901965,100.0
5,Arrival-Hold,133,2.180478199996287,0.41009682577916146,0.5463588715606006,52.364819270070726,81.28277588150668,4.854878212764865,7.478697580050966,52.24926139184242,81.04761434650443,4.012037855018633,7.631405972701523,180.0,7.324159122029207,31.59593407946508,39.12451600783414,4.348562803781577,10.153538251721141,84.9624060150376,216.08730000298237,48.86739999346901,100.0
5,Capture-Hold,133,2.180478199996287,0.41009682577916146,0.5463588715606006,70.20207030347744,103.88089472840639,5.652027851329237,8.35392673797763,69.97805010250885,103.77472551858229,3.8748527110621866,9.041578254746494,240.0,7.35514687051053,27.123200815063775,46.736731307765616,4.180586635376663,10.153538251721141,84.9624060150376,216.08730000298237,216.08730000298237,100.0
5,One-Euro Anchor,133,2.180478199996287,0.41009682577916146,0.5463588715606006,110.37702484280983,147.31498897513615,7.980097847219417,10.391076656986291,110.23262472232148,146.95818701638643,7.995741703791563,25.24182230942801,370.0,8.081892703345503,27.106710281863545,43.27286405510227,2.741285366403394,10.153538251721141,84.9624060150376,216.08730000298237,216.08730000298237,100.0
5,EgoAnchor,133,2.180478199996287,0.41009682577916146,0.5463588715606006,91.55617906207402,119.51469458248161,6.79052352005556,9.478234449962189,91.50662453603236,119.334251625885,5.112563010382152,16.482592024479473,315.0,3.1574076768472983,9.163434455893547,9.9993528071186,1.2393794698314395,67.52102937394558,0.0,216.08730000298237,283.4966953159892,100.0
5,EgoAnchor w/o capture-time alignment,133,2.180478199996287,0.41009682577916146,0.5463588715606006,115.03604197834915,143.77467527956776,8.17783022930246,10.884739634570956,114.96505103113586,143.21714717569392,7.892294688717753,24.563072817320258,385.0,3.6654143227156712,9.666889187888085,10.525308793919564,1.250196752342372,67.52102937394558,0.0,216.08730000298237,250.02300000051036,100.0
5,EgoAnchor w/o VCD,133,2.180478199996287,0.41009682577916146,0.5463588715606006,91.55673018282123,119.51527810552538,6.7905626324198805,9.478241811590895,91.5071764876614,119.33464207775772,5.112577140123804,16.482780105975998,315.0,3.1574044374418793,9.163782580025481,9.999009142022633,1.2394973845961168,67.52102937394558,0.0,216.08730000298237,283.4994991644635,100.0
5,EgoAnchor w/o temporal synthesis,133,2.180478199996287,0.41009682577916146,0.5463588715606006,70.20207030347744,103.88089472840639,5.652027851329237,8.35392673797763,69.97805010250885,103.77472551858229,3.8748527110621866,9.041578254746494,240.0,7.35514687051053,27.123200815063775,46.736731307765616,4.180586635376663,10.153538251721141,84.9624060150376,216.08730000298237,216.08730000298237,100.0
5,EgoAnchor w/o StaticLock,133,2.180478199996287,0.41009682577916146,0.5463588715606006,91.55691914830454,119.51537603015099,6.790570315406543,9.478247712802288,91.50736525211376,119.33478457504741,5.112611660483264,16.482822720312228,315.0,3.1575461935170446,9.163768850972248,9.999085816906126,1.2395013902471792,67.52102937394558,0.0,216.08730000298237,283.5000284103444,100.0
6,Arrival-Hold,136,2.1246264000001247,0.31628107758872115,0.4562635347665315,45.352291299682875,72.95174003201363,2.4509342299700596,4.38829488089868,45.18384879221823,72.70558330913354,4.548401867842056,7.84215336237461,195.0,8.942202558911957,29.29341486806636,38.61519869684837,3.0177945498638272,9.502105191395355,86.02941176470588,222.92229999948177,49.49499999929685,100.0
6,Capture-Hold,136,2.1246264000001247,0.31628107758872115,0.4562635347665315,65.89512687902157,100.5297130959726,3.1266037442099996,4.7105687007035355,65.72585739477213,100.4812679878847,4.092061551777537,8.38513472157018,265.0,8.784177697043644,28.096240035626664,37.86676901768202,3.3271519638150604,9.502105191395355,86.02941176470588,222.92229999948177,222.92229999948177,100.0
6,One-Euro Anchor,136,2.1246264000001247,0.31628107758872115,0.4562635347665315,101.0354168095647,141.41340288010642,4.31640285289914,6.30764084897433,100.64549460010164,141.13235435978203,7.43696465116956,27.120385052251393,380.0,8.097140737535044,26.42449993945664,36.82916782538458,2.3016656716518726,9.502105191395355,86.02941176470588,222.92229999948177,222.92229999948177,100.0
6,EgoAnchor,136,2.1246264000001247,0.31628107758872115,0.4562635347665315,86.87476065198015,111.4721905990494,3.5652000973024265,5.442405112796726,86.68798390713575,111.22967065537354,4.731295403260932,12.942152995663056,340.0,6.161694325076259,8.048242551554877,8.930527299874074,1.0007404568708969,68.01506873840886,0.0,222.92229999948177,286.54584091782453,100.0
6,EgoAnchor w/o capture-time alignment,136,2.1246264000001247,0.31628107758872115,0.4562635347665315,96.43787182061831,124.37648651471947,4.153704857268025,5.919226684837246,96.41629264593234,124.09818358750303,5.546884413604245,26.676269057479196,385.0,6.3558267924740495,8.545694339366573,9.26458228544497,0.8422961228593195,68.01506873840886,0.0,222.92229999948177,250.0233000027947,100.0
6,EgoAnchor w/o VCD,136,2.1246264000001247,0.31628107758872115,0.4562635347665315,86.8751256816696,111.4733871027652,3.5653003505627234,5.44244120249422,86.68835450004659,111.23086524519411,4.7313076135513565,12.942341575694616,340.0,6.161689084685554,8.04838836531189,8.930890482314274,1.0007023568523505,68.01506873840886,0.0,222.92229999948177,286.5511384770798,100.0
6,EgoAnchor w/o temporal synthesis,136,2.1246264000001247,0.31628107758872115,0.4562635347665315,65.89512687902157,100.5297130959726,3.1266037442099996,4.7105687007035355,65.72585739477213,100.4812679878847,4.092061551777537,8.38513472157018,265.0,8.784177697043644,28.096240035626664,37.86676901768202,3.3271519638150604,9.502105191395355,86.02941176470588,222.92229999948177,222.92229999948177,100.0
6,EgoAnchor w/o StaticLock,136,2.1246264000001247,0.31628107758872115,0.4562635347665315,86.87514230929466,111.47344996541977,3.5651469537611833,5.442445537869177,86.6883681429994,111.23092838376596,4.731308269408839,12.94236775027228,340.0,6.161687344539801,8.045770109704764,8.930744183849422,1.000681456479632,68.01506873840886,0.0,222.92229999948177,286.55165380769176,100.0
7,Arrival-Hold,142,2.332915500002855,0.4033057565671434,0.5616335347558536,50.85560120830329,76.39457260684782,3.8093424326692,6.652142930515504,50.12423509079832,75.42175286109531,10.773251921131429,18.565373139213122,180.0,12.896493886751912,34.40054432325149,45.10255631670553,4.046772406278531,9.087520619732977,86.61971830985915,223.71650000059162,49.19949999748496,100.0
7,Capture-Hold,142,2.332915500002855,0.4033057565671434,0.5616335347558536,77.82843307847125,119.75824113225147,5.811733821329636,9.165388674478313,77.12169375926723,119.58030041714031,9.096625975581938,21.35746776128158,285.00000000000006,8.677203223999909,30.872569408630746,45.78354898331673,4.024963700193296,9.087520619732977,86.61971830985915,223.71650000059162,223.71650000059162,100.0
7,One-Euro Anchor,142,2.332915500002855,0.4033057565671434,0.5616335347558536,116.69066744648566,169.3255827925255,8.224518275667599,10.773169387801518,116.25755333590428,168.42239240876773,15.684982722219186,50.81295596261307,410.00000000000006,11.107590323974145,30.945072993266812,45.08468522512603,2.714488873433106,9.087520619732977,86.61971830985915,223.71650000059162,223.71650000059162,100.0
7,EgoAnchor,142,2.332915500002855,0.4033057565671434,0.5616335347558536,101.89941078498109,129.48905406065924,7.258888187936773,9.764267700526895,101.645874323815,129.24976140388125,11.461628870514463,33.04245293491747,335.0,4.5317174207128055,9.323132648253798,10.483729457206195,0.9991931945111209,67.91725936853067,0.0,223.71650000059162,289.7572796282475,100.0
7,EgoAnchor w/o capture-time alignment,142,2.332915500002855,0.4033057565671434,0.5616335347558536,118.47816846825681,143.21264114297236,7.343594219698909,10.177437440200894,118.18471374714878,142.24761240498398,16.53162180029363,41.70051223284764,370.0,11.150372730338956,9.721122392649558,11.682298138909744,1.0294786543175365,67.91725936853067,0.0,223.71650000059162,250.0230499972531,100.0
7,EgoAnchor w/o VCD,142,2.332915500002855,0.4033057565671434,0.5616335347558536,101.90020786820577,129.48987745241988,7.258904322382206,9.76432276869674,101.64626880108938,129.25057659275532,11.46178694779405,33.04276097370238,335.0,4.5318688769626085,9.323263110209863,10.483754234506913,0.9991908732571417,67.91725936853067,0.0,223.71650000059162,289.7582043042348,100.0
7,EgoAnchor w/o temporal synthesis,142,2.332915500002855,0.4033057565671434,0.5616335347558536,77.82843307847125,119.75824113225147,5.811733821329636,9.165388674478313,77.12169375926723,119.58030041714031,9.096625975581938,21.35746776128158,285.00000000000006,8.677203223999909,30.872569408630746,45.78354898331673,4.024963700193296,9.087520619732977,86.61971830985915,223.71650000059162,223.71650000059162,100.0
7,EgoAnchor w/o StaticLock,142,2.332915500002855,0.4033057565671434,0.5616335347558536,101.9003325402972,129.49004774412526,7.258908771566574,9.764326634828652,101.64645777764109,129.2507457982139,11.46182994803134,33.0428415164753,335.0,4.531922350932711,9.323154934345862,10.483634697259136,0.999189386256931,67.91725936853067,0.0,223.71650000059162,289.75855805765605,100.0
8,Arrival-Hold,123,1.8610199999966426,0.3885283368875162,0.5448130447527347,45.97619809326297,71.30869456418276,4.83636765831365,7.118694853384819,45.9420852059466,71.30743131681116,2.306176914152686,5.128344730873367,165.0,7.147739643552028,29.7703509500221,40.88165528726643,3.5100260949535125,9.670609924216645,86.1788617886179,216.32639999734238,49.08249999425607,100.0
8,Capture-Hold,123,1.8610199999966426,0.3885283368875162,0.5448130447527347,64.08586385678414,99.37896133289156,6.056182726198971,8.763860269864628,63.99487033438792,99.00640260770034,3.356892965010407,20.07333133749905,245.0,7.154859958510695,28.47246275871387,41.546253990384564,3.5593079904430582,9.670609924216645,86.1788617886179,216.32639999734238,216.32639999734238,100.0
8,One-Euro Anchor,123,1.8610199999966426,0.3885283368875162,0.5448130447527347,97.5485534335209,139.52177833674136,8.557131644789575,11.831062907613147,96.40997871399644,139.46597156963537,5.0822366019616485,48.54773569784547,370.0,8.026187293096497,26.345540803806408,40.471783262018754,3.2854381239187114,9.670609924216645,86.1788617886179,216.32639999734238,216.32639999734238,100.0
8,EgoAnchor,123,1.8610199999966426,0.3885283368875162,0.5448130447527347,83.48441914154937,109.29361670778104,7.607554139606559,9.384928723229638,83.31379990451228,109.28149073090721,4.308697721129638,31.756970021915784,310.0,3.6928154937846642,8.293794273456449,8.984964915073755,0.8387874595919802,69.96970709874397,0.0,216.32639999734238,274.9609856036841,100.0
8,EgoAnchor w/o capture-time alignment,123,1.8610199999966426,0.3885283368875162,0.5448130447527347,105.37726196004924,130.43370858228653,8.77363694255808,11.203320624997174,104.93825876631267,130.3161103155645,4.7315292133789235,41.64207678101046,375.0,3.7159335192044027,8.965628036830836,10.613973374952204,0.9936866953484785,69.96970709874397,0.0,216.32639999734238,250.02300000051036,100.0
8,EgoAnchor w/o VCD,123,1.8610199999966426,0.3885283368875162,0.5448130447527347,83.48385094364465,109.29443307616715,7.607573767607757,9.384961234423836,83.31323471925073,109.28230905317943,4.308440639240632,31.757097278019838,310.0,3.693053058071504,8.294153729387086,8.985322614793915,0.8388417000949103,69.96970709874397,0.0,216.32639999734238,274.96142447489547,100.0
8,EgoAnchor w/o temporal synthesis,123,1.8610199999966426,0.3885283368875162,0.5448130447527347,64.08586385678414,99.37896133289156,6.056182726198971,8.763860269864628,63.99487033438792,99.00640260770034,3.356892965010407,20.07333133749905,245.0,7.154859958510695,28.47246275871387,41.546253990384564,3.5593079904430582,9.670609924216645,86.1788617886179,216.32639999734238,216.32639999734238,100.0
8,EgoAnchor w/o StaticLock,123,1.8610199999966426,0.3885283368875162,0.5448130447527347,83.4839868571304,109.29457269834273,7.607537243744541,9.384974871238171,83.31337012316483,109.2824491910572,4.308411088705147,31.75721531217009,310.0,3.693132582830133,8.294276227762687,8.985249952764747,0.8388357020908899,69.96970709874397,0.0,216.32639999734238,274.9618047091644,100.0
9,Arrival-Hold,95,1.5832201000011992,0.32511719249495613,0.4239959463284553,46.542240368054316,67.28167978158606,3.0783375175363683,5.166173691308652,45.01965120206622,66.60751958883732,7.161196332962618,20.95370324968048,215.0,9.804213553940091,25.938550624774795,32.85839984919992,3.299966536616238,8.912238387599476,85.26315789473684,216.69260000635404,49.38100000435952,100.0
9,Capture-Hold,95,1.5832201000011992,0.32511719249495613,0.4239959463284553,55.57990310731905,78.39636564208432,2.7602356516827182,5.4134320825239834,54.91028255967739,78.09506460797314,7.868709314283993,17.378506955889442,240.0,6.944593042368362,25.703799556628987,33.95704967665954,3.35462628855405,8.912238387599476,85.26315789473684,216.69260000635404,216.69260000635404,100.0
9,One-Euro Anchor,95,1.5832201000011992,0.32511719249495613,0.4239959463284553,86.98241535565842,113.31816494700101,3.390537414572531,6.042939043417181,85.25250046628095,112.25202569139621,17.816285602988525,46.76131710621805,370.0,8.146597307550033,26.184645787707264,32.77394552370646,1.5630155667811727,8.912238387599476,85.26315789473684,216.69260000635404,216.69260000635404,100.0
9,EgoAnchor,95,1.5832201000011992,0.32511719249495613,0.4239959463284553,76.5027614977191,87.35265217586372,2.970318639169372,6.281486280610821,75.92791313041661,87.00495806876211,10.942405602163118,25.314838993883306,315.0,4.397015039076592,7.301159932617176,8.257268867697741,1.0764218783119812,60.47590334442502,0.0,216.69260000635404,288.4000964113511,100.0
9,EgoAnchor w/o capture-time alignment,95,1.5832201000011992,0.32511719249495613,0.4239959463284553,93.72804426151522,114.31911705566291,3.9952873512195146,7.1834268163559685,92.71554465377324,113.31349008911687,14.221175653172237,33.98969115073852,405.0,7.211656568295366,7.281448234615033,9.564495098158483,0.9533146549941379,60.47590334442502,0.0,216.69260000635404,250.02249999670312,100.0
9,EgoAnchor w/o VCD,95,1.5832201000011992,0.32511719249495613,0.4239959463284553,76.50298212942546,87.35419574277529,2.9703541985873527,6.281450915615562,75.92817497565618,87.00650381305269,10.942205430949246,25.315119949606817,315.0,4.39705874003113,7.30115136135471,8.25701365130575,1.076594189238403,60.47590334442502,0.0,216.69260000635404,288.40095717896475,100.0
9,EgoAnchor w/o temporal synthesis,95,1.5832201000011992,0.32511719249495613,0.4239959463284553,55.57990310731905,78.39636564208432,2.7602356516827182,5.4134320825239834,54.91028255967739,78.09506460797314,7.868709314283993,17.378506955889442,240.0,6.944593042368362,25.703799556628987,33.95704967665954,3.35462628855405,8.912238387599476,85.26315789473684,216.69260000635404,216.69260000635404,100.0
9,EgoAnchor w/o StaticLock,95,1.5832201000011992,0.32511719249495613,0.4239959463284553,76.50301274813496,87.35440634999915,2.9703628478649593,6.281445073257881,75.9282433677884,87.00671674116573,10.94220130736578,25.315203936808928,315.0,4.397066999076384,7.301219264567638,8.256814476262802,1.0765934141403184,60.47590334442502,0.0,216.69260000635404,288.40107582800556,100.0
10,Arrival-Hold,138,1.971664000004239,0.38118177123576186,0.5541109451856276,41.542977696753226,73.96147369220627,5.282025058133215,7.68319469811379,41.30774182703724,73.75489030069761,4.698246242239741,11.124066658854296,165.0,10.110559665176254,29.001578733289044,42.47246156060765,5.138839102293926,10.218605085788433,85.5072463768116,219.58064999853377,45.28859999845736,100.0
10,Capture-Hold,138,1.971664000004239,0.38118177123576186,0.5541109451856276,66.69679812850768,105.77175595883494,6.488357319512819,9.581806587705588,66.45208820362787,105.73353156468926,5.496184564174543,13.042140846256908,245.0,9.76064968759209,29.474561300767068,41.66150904954083,5.086339318696177,10.218605085788433,85.5072463768116,219.58064999853377,219.58064999853377,100.0
10,One-Euro Anchor,138,1.971664000004239,0.38118177123576186,0.5541109451856276,98.78338423572725,150.97773858788594,8.424324829294179,11.175130088355068,97.67589730965494,150.77274376775858,12.361179871214922,34.100322920852705,380.0,8.657008526170909,28.7943491008941,43.28825719833539,3.1070689414834023,10.218605085788433,85.5072463768116,219.58064999853377,219.58064999853377,100.0
10,EgoAnchor,138,1.971664000004239,0.38118177123576186,0.5541109451856276,84.91318320015694,117.08299256336637,7.713359239558828,10.213915941022611,84.56355188496684,117.06872052079302,6.641439579662112,19.213781236863042,315.0,7.715366707716969,8.621376758269957,9.81080768236562,1.563579395464536,70.50837509194018,0.0,219.58064999853377,284.2882844088308,100.0
10,EgoAnchor w/o capture-time alignment,138,1.971664000004239,0.38118177123576186,0.5541109451856276,97.22686689974168,139.94852373766335,8.408496858837626,11.344640760921639,96.85056581518282,139.5662594059905,7.765947424593021,29.336576414882206,370.0,7.192628277950204,8.73782287993574,11.39527774834207,1.4906829716473626,70.50837509194018,0.0,219.58064999853377,250.02255000072182,100.0
10,EgoAnchor w/o VCD,138,1.971664000004239,0.38118177123576186,0.5541109451856276,84.91334436903858,117.08431795334539,7.713424201579345,10.213917682035557,84.56395628399319,117.07005692343,6.64145277453669,19.214021808391387,315.0,7.715283483524692,8.618760212106691,9.810316219746955,1.563609500329445,70.50837509194018,0.0,219.58064999853377,284.2894822497328,100.0
10,EgoAnchor w/o temporal synthesis,138,1.971664000004239,0.38118177123576186,0.5541109451856276,66.69679812850768,105.77175595883494,6.488357319512819,9.581806587705588,66.45208820362787,105.73353156468926,5.496184564174543,13.042140846256908,245.0,9.76064968759209,29.474561300767068,41.66150904954083,5.086339318696177,10.218605085788433,85.5072463768116,219.58064999853377,219.58064999853377,100.0
10,EgoAnchor w/o StaticLock,138,1.971664000004239,0.38118177123576186,0.5541109451856276,84.91349003318581,117.08439177747938,7.713431526337696,10.213917139009725,84.56401290929676,117.07014943327316,6.64144579985793,19.214014255102718,315.0,7.715296897506956,8.618783238823573,9.81014239086728,1.5636309710939214,70.50837509194018,0.0,219.58064999853377,284.2901167932723,100.0
11,Arrival-Hold,98,1.4162792999995872,0.3547230752290589,0.4965340748264485,51.367584764817494,77.05930666531273,3.4308479370245766,5.144989868921088,49.93033044882385,76.10336908413964,11.695745515741354,18.750960833821818,190.0,14.20632324422387,27.438052196265417,37.253394501216526,5.1775487784794985,9.318208208908917,86.73469387755102,223.2364499977848,43.23305000070832,100.0
11,Capture-Hold,98,1.4162792999995872,0.3547230752290589,0.4965340748264485,68.95847846650338,97.7071438530194,4.447819796013164,5.891420432380163,68.1020408546646,97.30487891050902,9.436816497896697,19.296860787866134,285.00000000000006,8.878520598187244,28.83655282930577,37.98407849921089,5.287906024411555,9.318208208908917,86.73469387755102,223.2364499977848,223.2364499977848,100.0
11,One-Euro Anchor,98,1.4162792999995872,0.3547230752290589,0.4965340748264485,103.88128307404878,135.77918097924572,4.276605611647943,6.179473177638938,102.86669100405916,135.31811288014683,13.401683241303482,40.80618310136786,405.0,7.907289905712019,25.100503435186287,39.30926741337246,1.7166388723498116,9.318208208908917,86.73469387755102,223.2364499977848,223.2364499977848,100.0
11,EgoAnchor,98,1.4162792999995872,0.3547230752290589,0.4965340748264485,88.16098703677906,111.81536869546831,4.802863086233538,5.78780350483984,87.6335972163272,111.45858888298545,10.920240239014044,26.328879101915355,335.0,5.96158363507859,7.860742281467778,8.866936218675502,1.7389877368643987,70.24495419023644,0.0,223.2364499977848,287.83406797083444,100.0
11,EgoAnchor w/o capture-time alignment,98,1.4162792999995872,0.3547230752290589,0.4965340748264485,99.73465610884838,132.95712043875488,4.807121668901143,5.901402819301177,98.9583159607967,132.4168166443249,15.682513945835725,37.180051478162085,395.0,13.142120004480926,8.221256284785849,10.172428823700383,2.2100632697345395,70.24495419023644,0.0,223.2364499977848,250.02255000072182,100.0
11,EgoAnchor w/o VCD,98,1.4162792999995872,0.3547230752290589,0.4965340748264485,88.16171783385855,111.81643207482546,4.802867206968559,5.787804202856165,87.6345488872318,111.45891068493285,10.920227763565128,26.329160894460042,335.0,5.961302475647765,7.860299213949932,8.867028767148378,1.7389709496652122,70.24495419023644,0.0,223.2364499977848,287.8355379871209,100.0
11,EgoAnchor w/o temporal synthesis,98,1.4162792999995872,0.3547230752290589,0.4965340748264485,68.95847846650338,97.7071438530194,4.447819796013164,5.891420432380163,68.1020408546646,97.30487891050902,9.436816497896697,19.296860787866134,285.00000000000006,8.878520598187244,28.83655282930577,37.98407849921089,5.287906024411555,9.318208208908917,86.73469387755102,223.2364499977848,223.2364499977848,100.0
11,EgoAnchor w/o StaticLock,98,1.4162792999995872,0.3547230752290589,0.4965340748264485,88.16177972757018,111.81673238506403,4.802868113519475,5.787803769435462,87.63465693980669,111.4590772292339,10.920243132848023,26.329211711204703,335.0,5.961278920392912,7.860230289484869,8.866683282934678,1.738981541691758,70.24495419023644,0.0,223.2364499977848,287.8356278233696,100.0
12,Arrival-Hold,115,1.694310899998527,0.35202234144460304,0.5649473790635473,49.31871151438405,79.52578114455834,6.469378002015484,10.121300237111436,48.9197041987628,79.47714919528478,5.009905436303831,15.157406234171766,170.0,9.88179801509697,34.10882294937208,43.59470585300756,3.7958334367332864,9.552323778846707,86.08695652173914,223.51949999574572,48.8513000018429,100.0
12,Capture-Hold,115,1.694310899998527,0.35202234144460304,0.5649473790635473,72.50717654425765,107.0817312249801,8.5123283612168,12.017775233933625,71.74689574394796,107.03465392552042,5.780799657311434,15.814787465635291,260.0,9.494568375981906,30.92498900168778,44.099031221437805,4.042592258934037,9.552323778846707,86.08695652173914,223.51949999574572,223.51949999574572,100.0
12,One-Euro Anchor,115,1.694310899998527,0.35202234144460304,0.5649473790635473,106.54055721268881,151.0298583905947,10.182044386428103,15.28760132031359,105.41574353065249,150.9362035278383,8.395252795767087,39.29494826190007,395.0,9.586666450351977,30.381900565118904,41.895054325099345,3.1263477671586295,9.552323778846707,86.08695652173914,223.51949999574572,223.51949999574572,100.0
12,EgoAnchor,115,1.694310899998527,0.35202234144460304,0.5649473790635473,97.22131023197886,121.96292283280381,9.249100001100658,13.437203614859458,96.62736392431682,121.85391503788328,8.118233140176791,24.490336435486153,340.0,4.298583476011112,9.248689114760493,10.103065929486792,0.9449410175461085,68.65732716046071,0.0,223.51949999574572,293.55714044504566,100.0
12,EgoAnchor w/o capture-time alignment,115,1.694310899998527,0.35202234144460304,0.5649473790635473,108.93572747384744,142.54138705075036,8.835654017940394,15.088068132774632,107.46828204629203,142.47628948565506,7.744056589458239,34.25168958273108,385.0,5.907475722579356,9.402221785480931,11.950837009239656,0.9767515517224072,68.65732716046071,0.0,223.51949999574572,250.02260000474053,100.0
12,EgoAnchor w/o VCD,115,1.694310899998527,0.35202234144460304,0.5649473790635473,97.22147486365634,121.96338917394971,9.249129621993372,13.43730394013433,96.62753724321104,121.85438291120595,8.118210693155289,24.49075508965964,340.0,4.298721772555614,9.24840528086259,10.103875210220648,0.9449494400285557,68.65732716046071,0.0,223.51949999574572,293.5590310153202,100.0
12,EgoAnchor w/o temporal synthesis,115,1.694310899998527,0.35202234144460304,0.5649473790635473,72.50717654425765,107.0817312249801,8.5123283612168,12.017775233933625,71.74689574394796,107.03465392552042,5.780799657311434,15.814787465635291,260.0,9.494568375981906,30.92498900168778,44.099031221437805,4.042592258934037,9.552323778846707,86.08695652173914,223.51949999574572,223.51949999574572,100.0
12,EgoAnchor w/o StaticLock,115,1.694310899998527,0.35202234144460304,0.5649473790635473,97.22154068140306,121.96337593374459,9.249133842233126,13.437315843592442,96.62760602439243,121.85436941133058,8.118182803965817,24.490786186943037,340.0,4.298716577088592,9.248411867113786,10.103931369447688,0.9449385770015458,68.65732716046071,0.0,223.51949999574572,293.559811245359,100.0
13,Arrival-Hold,119,1.7501140999956988,0.29902815163289687,0.49166760225674194,40.97963507336981,81.35671500083646,3.798891772710189,6.335796709827177,40.84712736146163,81.28423991780535,5.026112798880807,10.142142203342814,185.0,7.587768858172629,25.28817829400095,43.76155178992771,3.2967731267424587,9.823559623464972,85.71428571428571,215.80890000041109,48.79429999709828,100.0
13,Capture-Hold,119,1.7501140999956988,0.29902815163289687,0.49166760225674194,52.970138392445115,94.85932777309216,4.004356055175688,6.433136743756301,52.59599319272412,94.81307422870157,5.863395082437735,16.987434884199914,255.0,6.179032653020231,24.68622874082305,42.6163384204451,3.2187884014009946,9.823559623464972,85.71428571428571,215.80890000041109,215.80890000041109,100.0
13,One-Euro Anchor,119,1.7501140999956988,0.29902815163289687,0.49166760225674194,82.71748989121397,132.22369209005612,5.200320125453283,7.64289411581117,81.46956765126964,132.0216464620687,13.30823429538559,42.35100138221951,375.0,7.107052361880264,26.941089200272426,40.71282707947649,1.808058406260154,9.823559623464972,85.71428571428571,215.80890000041109,215.80890000041109,100.0
13,EgoAnchor,119,1.7501140999956988,0.29902815163289687,0.49166760225674194,67.65743428903103,107.00357207226708,4.524459847845194,6.304714077672646,67.14398906729623,106.77754943193428,8.6848709918707,26.520093660456308,295.0,2.984147630611435,7.8967541508139405,9.58715256259235,0.9437177588021997,68.7649173642548,0.0,215.80890000041109,270.68164174852427,100.0
13,EgoAnchor w/o capture-time alignment,119,1.7501140999956988,0.29902815163289687,0.49166760225674194,90.45420324777449,142.50608409073442,5.286329169842444,8.045890759422623,89.90054445746019,142.23261004307412,13.758244953324636,35.23771029457793,410.00000000000006,6.05026231735407,10.566361895666931,12.474545594757537,1.4595168990986014,68.7649173642548,0.0,215.80890000041109,250.02289999974892,100.0
13,EgoAnchor w/o VCD,119,1.7501140999956988,0.29902815163289687,0.49166760225674194,67.65791219834672,107.00238485733836,4.524443069911229,6.304716355086122,67.14542654862676,106.77636569535387,8.685047154864282,26.520520579494434,295.0,2.9841277408860925,7.8969757760348935,9.587256842121612,0.9437677950784018,68.7649173642548,0.0,215.80890000041109,270.68413895904087,100.0
13,EgoAnchor w/o temporal synthesis,119,1.7501140999956988,0.29902815163289687,0.49166760225674194,52.970138392445115,94.85932777309216,4.004356055175688,6.433136743756301,52.59599319272412,94.81307422870157,5.863395082437735,16.987434884199914,255.0,6.179032653020231,24.68622874082305,42.6163384204451,3.2187884014009946,9.823559623464972,85.71428571428571,215.80890000041109,215.80890000041109,100.0
13,EgoAnchor w/o StaticLock,119,1.7501140999956988,0.29902815163289687,0.49166760225674194,67.65802810221972,107.00251868415543,4.524440852176665,6.304716705179846,67.14557278363843,106.77649698800649,8.685070190805654,26.52107872998163,295.0,2.983606200019474,7.897089364125454,9.58720167212266,0.943782945513744,68.7649173642548,0.0,215.80890000041109,270.6846576111275,100.0
14,Arrival-Hold,101,1.888471500002197,0.36273550429756485,0.595139123543057,59.420672613714984,91.64983171905548,4.637389933149058,6.637993056141051,57.11466432286291,89.78258192790898,10.741867463623823,22.160432784898592,155.0,15.097819598651409,39.817270895341196,51.62396557731491,5.200267728240149,10.047029026545895,82.17821782178217,220.33660000306554,49.43279999861261,100.0
14,Capture-Hold,101,1.888471500002197,0.36273550429756485,0.595139123543057,81.30474931470818,117.55013467433731,6.709911771316946,9.254527308797728,81.26506429627581,116.98411092084412,5.3245342756563705,14.078237326089118,265.0,9.218333665434809,36.581224440818715,51.01757966551813,5.235951376904345,10.047029026545895,82.17821782178217,220.33660000306554,220.33660000306554,100.0
14,One-Euro Anchor,101,1.888471500002197,0.36273550429756485,0.595139123543057,122.34904071671112,164.1439244835759,7.5912682212552465,11.187269853351733,121.96388021397655,163.154542753253,11.63845345084369,21.549982743238516,355.0,8.618751458493541,38.72871090434802,50.73078712254838,2.865195686578984,10.047029026545895,82.17821782178217,220.33660000306554,220.33660000306554,100.0
14,EgoAnchor,101,1.888471500002197,0.36273550429756485,0.595139123543057,106.33551492810841,134.77418268625635,7.684345757223088,9.925305743623632,106.32285229592006,134.1432507690783,7.521728202351401,17.944547873710935,320.0,5.997902314999226,11.965419712148403,12.737349055011311,1.6218795487338415,56.37499620450752,0.0,220.33660000306554,286.0576076200232,100.0
14,EgoAnchor w/o capture-time alignment,101,1.888471500002197,0.36273550429756485,0.595139123543057,123.71288888162185,164.16769686023017,7.554620248588598,10.357083175235221,123.63556019208247,162.51188101828177,14.629235469779253,24.59192528802528,380.0,12.425220612088756,12.32515058239132,13.042151360565512,1.5246107223104688,56.37499620450752,0.0,220.33660000306554,250.02300000051036,100.0
14,EgoAnchor w/o VCD,101,1.888471500002197,0.36273550429756485,0.595139123543057,106.33594623865449,134.77438878789044,7.684294614160927,9.92531119996689,106.32328338420015,134.14345213594262,7.521677617252145,17.94474404458059,320.0,5.9981615240897765,11.964897773873803,12.737772010655297,1.6219146400211906,56.37499620450752,0.0,220.33660000306554,286.05901471019024,100.0
14,EgoAnchor w/o temporal synthesis,101,1.888471500002197,0.36273550429756485,0.595139123543057,81.30474931470818,117.55013467433731,6.709911771316946,9.254527308797728,81.26506429627581,116.98411092084412,5.3245342756563705,14.078237326089118,265.0,9.218333665434809,36.581224440818715,51.01757966551813,5.235951376904345,10.047029026545895,82.17821782178217,220.33660000306554,220.33660000306554,100.0
14,EgoAnchor w/o StaticLock,101,1.888471500002197,0.36273550429756485,0.595139123543057,106.33631688200892,134.77468823579073,7.684294632944309,9.925313648230683,106.3236545855355,134.14374759717455,7.521693455630068,17.944775348962818,320.0,5.998297081900285,11.965069648175675,12.737857538582714,1.6219443705363659,56.37499620450752,0.0,220.33660000306554,286.05929494369775,100.0
15,Arrival-Hold,133,2.124682000001485,0.3768770884626539,0.515765282552808,46.2346028542458,71.34175150770189,6.466486136112226,8.496662994226153,46.168545793797,71.30332798674996,2.9401977695872863,10.059982972203724,170.0,6.832399835994714,31.312526094032748,40.18407061853945,3.9386006574274686,9.275342848380049,85.71428571428571,216.22740000020713,48.74629999540048,100.0
15,Capture-Hold,133,2.124682000001485,0.3768770884626539,0.515765282552808,68.26364789523639,98.98445924068425,8.395405543723435,11.10010471419711,67.99623432185692,98.88307311500772,4.722610239544817,15.599189158769796,250.0,6.783524721963886,28.643060160385748,40.98533509204898,3.601543718271417,9.275342848380049,85.71428571428571,216.22740000020713,216.22740000020713,100.0
15,One-Euro Anchor,133,2.124682000001485,0.3768770884626539,0.515765282552808,102.15315780772268,142.09558609665834,10.772055811809544,14.306060493750756,101.77286142666085,141.84971040986667,9.627161757938465,34.06167640276651,375.0,8.68706999598216,29.189320690719292,39.80200794783392,3.50750148135533,9.275342848380049,85.71428571428571,216.22740000020713,216.22740000020713,100.0
15,EgoAnchor,133,2.124682000001485,0.3768770884626539,0.515765282552808,87.57340793462478,113.94364660734107,10.210011708869887,12.370492278277917,87.43009482191916,113.68683891384202,6.242149047699214,23.242702120101775,310.0,4.023361267398073,8.644546270382252,9.726940634775294,1.1021335965156998,64.92739993866034,0.0,216.22740000020713,278.8318778912071,100.0
15,EgoAnchor w/o capture-time alignment,133,2.124682000001485,0.3768770884626539,0.515765282552808,104.3596456250601,134.50014353457607,10.771487669864625,14.533395448049527,104.19881611595889,134.42420038538734,8.051422281619196,30.60845742202956,380.0,3.244025869593918,9.221234842623387,11.423911480320251,1.2093036208565127,64.92739993866034,0.0,216.22740000020713,250.02259999746457,100.0
15,EgoAnchor w/o VCD,133,2.124682000001485,0.3768770884626539,0.515765282552808,87.57421400394966,113.94417924409399,10.210108704006226,12.370547174976227,87.43089666904744,113.68715506068881,6.242263646983895,23.242904666617463,310.0,4.023095069881499,8.645038479570296,9.727276119993553,1.1022115435833433,64.92739993866034,0.0,216.22740000020713,278.8329684553901,100.0
15,EgoAnchor w/o temporal synthesis,133,2.124682000001485,0.3768770884626539,0.515765282552808,68.26364789523639,98.98445924068425,8.395405543723435,11.10010471419711,67.99623432185692,98.88307311500772,4.722610239544817,15.599189158769796,250.0,6.783524721963886,28.643060160385748,40.98533509204898,3.601543718271417,9.275342848380049,85.71428571428571,216.22740000020713,216.22740000020713,100.0
15,EgoAnchor w/o StaticLock,133,2.124682000001485,0.3768770884626539,0.515765282552808,87.57437040400828,113.94426801716081,10.210121385103031,12.370561469011445,87.43105296412854,113.68720829512294,6.242314868911842,23.242947809734343,310.0,4.023058645517755,8.645157619668725,9.727225656721464,1.1022105860250129,64.92739993866034,0.0,216.22740000020713,278.83334868965903,100.0
16,Arrival-Hold,134,2.0689878999983193,0.48843334224747237,0.6490163204419561,64.44641031123973,101.19263027019797,6.553361486627889,10.394306094224733,64.23786602717445,100.82563295331717,6.186084644747817,12.661105703995572,190.0,10.502432927762724,37.54939779686324,51.9996833855065,8.151860168718443,10.016492946406757,85.82089552238806,216.69740000288584,49.351199999364326,100.0
16,Capture-Hold,134,2.0689878999983193,0.48843334224747237,0.6490163204419561,80.33568178619075,120.00668055653114,7.320779612596818,11.533803525009176,80.16240761347308,119.71849609566473,5.248392380930011,11.931917872291143,255.0,8.9359176640247,34.58772775732209,55.21434545763146,8.160644303769889,10.016492946406757,85.82089552238806,216.69740000288584,216.69740000288584,100.0
16,One-Euro Anchor,134,2.0689878999983193,0.48843334224747237,0.6490163204419561,121.7698816201756,171.51215313324857,8.57935699919298,14.157482147673914,121.5526470250674,170.808030437619,11.301325012818875,27.522858931126414,370.0,9.37124206406515,34.15494984717332,52.28532579464519,5.590483084958283,10.016492946406757,85.82089552238806,216.69740000288584,216.69740000288584,100.0
16,EgoAnchor,134,2.0689878999983193,0.48843334224747237,0.6490163204419561,105.3427249540381,137.66950917122475,7.763937678228491,12.81914368350859,105.05502491875156,137.4206884332807,6.9211493125579455,18.682916789687248,310.0,5.5658657815847015,11.191471054292263,12.96712760302498,1.9484625902776014,70.64263446413186,0.0,216.69740000288584,283.27447055562516,100.0
16,EgoAnchor w/o capture-time alignment,134,2.0689878999983193,0.48843334224747237,0.6490163204419561,134.46197648896248,174.43602930983482,9.300307893796258,15.01333898407577,134.35391384875098,173.57312696590142,12.381691630638898,25.00879784379241,405.0,6.936243447789817,11.113553003670036,13.449534478076314,1.880103743283637,70.64263446413186,0.0,216.69740000288584,250.02275000224472,100.0
16,EgoAnchor w/o VCD,134,2.0689878999983193,0.48843334224747237,0.6490163204419561,105.3441375418094,137.67022138448215,7.763972411405627,12.819164363203388,105.05644085192648,137.42128107732617,6.921162843070394,18.683084069010956,310.0,5.565461115983412,11.192031006346685,12.967289081791861,1.9485914707357137,70.64263446413186,0.0,216.69740000288584,283.27510250528576,100.0
16,EgoAnchor w/o temporal synthesis,134,2.0689878999983193,0.48843334224747237,0.6490163204419561,80.33568178619075,120.00668055653114,7.320779612596818,11.533803525009176,80.16240761347308,119.71849609566473,5.248392380930011,11.931917872291143,255.0,8.9359176640247,34.58772775732209,55.21434545763146,8.160644303769889,10.016492946406757,85.82089552238806,216.69740000288584,216.69740000288584,100.0
16,EgoAnchor w/o StaticLock,134,2.0689878999983193,0.48843334224747237,0.6490163204419561,105.34421181694921,137.670363510991,7.763984301569375,12.819175743918171,105.0565156187283,137.4214969597127,6.921145499834777,18.683122367063454,310.0,5.565438402792376,11.191935993485602,12.967197754202822,1.9485778759778098,70.64263446413186,0.0,216.69740000288584,283.27559135505,100.0
17,Arrival-Hold,126,2.0837385000049835,0.24588122422427894,0.3551049742440944,42.85453496700822,61.70400484373245,4.27443250963254,64.96978139041804,40.75436749910614,60.10387468350333,9.746578472050363,17.286077164193326,195.0,13.092859412572796,23.99429459724254,30.06102773201026,19.457669014153954,9.950721930143917,84.92063492063492,219.96574999866425,41.956549997848924,100.0
17,Capture-Hold,126,2.0837385000049835,0.24588122422427894,0.3551049742440944,53.139957845661456,72.42809048102333,4.657542224476874,64.3929852512432,52.17390573074452,72.10800373600466,5.967568835677243,11.917286885397727,245.0,9.50029978978729,23.958211858975087,32.61256018565726,19.444931593308223,9.950721930143917,84.92063492063492,219.96574999866425,219.96574999866425,100.0
17,One-Euro Anchor,126,2.0837385000049835,0.24588122422427894,0.3551049742440944,81.14040457973375,102.96386739271425,11.967463084841548,54.81059321522157,80.50458838257273,102.86242447339733,9.577131371465619,29.205331685322733,380.0,8.947328061835233,22.792226362612784,29.456218863713676,14.387616963732011,9.950721930143917,84.92063492063492,219.96574999866425,219.96574999866425,100.0
17,EgoAnchor,126,2.0837385000049835,0.24588122422427894,0.3551049742440944,70.706868362091,80.91936309595016,13.989794194975284,59.67015313024844,69.93672084803148,80.3982955916301,8.372070187726447,14.33192195624702,330.0,6.936687661303108,6.724320532882285,7.208293659199149,8.9511883265616,65.98899806305967,0.0,219.96574999866425,285.98315561248455,100.0
17,EgoAnchor w/o capture-time alignment,126,2.0837385000049835,0.24588122422427894,0.3551049742440944,84.42822398392377,102.93617658710691,14.495776308077307,59.9472880287601,83.14362159071977,102.2379131772756,13.797232446756574,26.80663589821476,410.00000000000006,12.437493401488263,7.049211240896863,7.6194974355876255,8.562896763709539,65.98899806305967,0.0,219.96574999866425,250.02314999801456,100.0
17,EgoAnchor w/o VCD,126,2.0837385000049835,0.24588122422427894,0.3551049742440944,70.7071110795307,80.91923057664667,13.989730103737859,59.67014442170694,69.9371966552353,80.39819978771015,8.372028841502555,14.332183157202081,330.0,6.936703679272203,6.724483821821192,7.208931802878547,8.951967719350716,65.98899806305967,0.0,219.96574999866425,285.9834564187622,100.0
17,EgoAnchor w/o temporal synthesis,126,2.0837385000049835,0.24588122422427894,0.3551049742440944,53.139957845661456,72.42809048102333,4.657542224476874,64.3929852512432,52.17390573074452,72.10800373600466,5.967568835677243,11.917286885397727,245.0,9.50029978978729,23.958211858975087,32.61256018565726,19.444931593308223,9.950721930143917,84.92063492063492,219.96574999866425,219.96574999866425,100.0
17,EgoAnchor w/o StaticLock,126,2.0837385000049835,0.24588122422427894,0.3551049742440944,70.70716705458528,80.91922129682973,13.98972511078237,59.67016238437092,69.93729354487061,80.39820336118906,8.372018218124404,14.33220015073741,330.0,6.936705047573552,6.724537262065967,7.2089890974904645,8.951994376089,65.98899806305967,0.0,219.96574999866425,285.9836078387161,100.0
