segment,variant,speed_lower_m_s,speed_upper_m_s,speed_mid_m_s,n_frames,translation_median_mm,translation_p95_mm
1,Arrival-Hold,0.1,0.2,0.15000000000000002,19,19.768373111187167,32.683645230065125
1,Arrival-Hold,0.2,0.3,0.25,50,34.861017762568025,51.15348081624854
1,Arrival-Hold,0.3,0.4,0.35,40,37.906954377912456,52.48274537568366
1,Arrival-Hold,0.4,0.5,0.45,18,46.56854681628799,58.88563334712842
1,Capture-Hold,0.1,0.2,0.15000000000000002,19,21.24061122387492,45.2945451118581
1,Capture-Hold,0.2,0.3,0.25,50,45.862555465103945,67.10001771852865
1,Capture-Hold,0.3,0.4,0.35,40,54.799049975482845,71.15260241842489
1,Capture-Hold,0.4,0.5,0.45,18,60.09531319395455,72.44391115461946
1,One-Euro Anchor,0.1,0.2,0.15000000000000002,19,23.470427236881,78.5612109861944
1,One-Euro Anchor,0.2,0.3,0.25,50,63.55967622382299,101.49669059729929
1,One-Euro Anchor,0.3,0.4,0.35,40,83.15600063199881,106.63081061484101
1,One-Euro Anchor,0.4,0.5,0.45,18,90.19200230464165,100.85783377207741
1,EgoAnchor,0.1,0.2,0.15000000000000002,19,26.671951682859117,64.48637497128219
1,EgoAnchor,0.2,0.3,0.25,50,78.45553944481912,107.40309043553896
1,EgoAnchor,0.3,0.4,0.35,40,73.47313952260401,83.61440909351941
1,EgoAnchor,0.4,0.5,0.45,18,78.73984664134227,85.84568997292719
2,Arrival-Hold,0.1,0.2,0.15000000000000002,20,26.246805677034246,47.40479281823144
2,Arrival-Hold,0.2,0.3,0.25,80,31.060968526286416,45.566636876518665
2,Arrival-Hold,0.3,0.4,0.35,12,40.19862064615365,51.07568805112638
2,Capture-Hold,0.1,0.2,0.15000000000000002,20,41.470141751407866,55.568398209062885
2,Capture-Hold,0.2,0.3,0.25,80,44.907648021169564,59.81310566380562
2,Capture-Hold,0.3,0.4,0.35,12,48.74540742635536,56.85121538782114
2,One-Euro Anchor,0.1,0.2,0.15000000000000002,20,71.63470465266965,83.9541175131693
2,One-Euro Anchor,0.2,0.3,0.25,80,72.16870376384418,85.54819555869696
2,One-Euro Anchor,0.3,0.4,0.35,12,66.88473709086045,72.85823710287585
2,EgoAnchor,0.1,0.2,0.15000000000000002,20,51.910069531879174,66.68748785088496
2,EgoAnchor,0.2,0.3,0.25,80,59.52173063886376,65.35904909718812
2,EgoAnchor,0.3,0.4,0.35,12,58.462419371663984,64.56574264793757
3,Arrival-Hold,0.1,0.2,0.15000000000000002,25,21.514565411248487,30.41658996621149
3,Arrival-Hold,0.2,0.3,0.25,36,28.98073930747941,51.29522325315681
3,Arrival-Hold,0.3,0.4,0.35,52,45.95017627370605,61.3397152584843
3,Arrival-Hold,0.4,0.5,0.45,39,49.46522269096599,66.14053434608095
3,Capture-Hold,0.1,0.2,0.15000000000000002,25,36.92565885379622,51.13576015167972
3,Capture-Hold,0.2,0.3,0.25,36,48.6004747867258,73.97010064626572
3,Capture-Hold,0.3,0.4,0.35,52,68.32021502787087,85.87052888457197
3,Capture-Hold,0.4,0.5,0.45,39,70.79622828063,88.54486490949763
3,One-Euro Anchor,0.1,0.2,0.15000000000000002,25,66.8292017756928,86.2467716308073
3,One-Euro Anchor,0.2,0.3,0.25,36,84.75172849394079,111.71299751842918
3,One-Euro Anchor,0.3,0.4,0.35,52,101.12570393835009,123.99369014900468
3,One-Euro Anchor,0.4,0.5,0.45,39,106.9954962657927,124.28808347592478
3,EgoAnchor,0.1,0.2,0.15000000000000002,25,43.337090314149634,64.7147088590491
3,EgoAnchor,0.2,0.3,0.25,36,67.50829099344557,99.00808236754526
3,EgoAnchor,0.3,0.4,0.35,52,85.25559708915031,98.5259823161457
3,EgoAnchor,0.4,0.5,0.45,39,93.29309056930168,98.1456732872037
4,Arrival-Hold,0.1,0.2,0.15000000000000002,22,31.799888561074283,43.51673656852744
4,Arrival-Hold,0.2,0.3,0.25,28,35.12252079660947,51.90565687173193
4,Arrival-Hold,0.3,0.4,0.35,49,48.13722924737126,65.28798807931157
4,Arrival-Hold,0.4,0.5,0.45,15,53.732716904096456,69.5210352121536
4,Capture-Hold,0.1,0.2,0.15000000000000002,22,41.006123131466765,57.63318253904858
4,Capture-Hold,0.2,0.3,0.25,28,46.32499688024332,71.68021259669395
4,Capture-Hold,0.3,0.4,0.35,49,66.17309846107518,84.27518847301056
4,Capture-Hold,0.4,0.5,0.45,15,69.53876587490221,86.19723267455348
4,One-Euro Anchor,0.1,0.2,0.15000000000000002,22,69.82339733666517,95.49572221634008
4,One-Euro Anchor,0.2,0.3,0.25,28,80.78515062012227,110.01353275711836
4,One-Euro Anchor,0.3,0.4,0.35,49,97.05200713044283,118.54599729453794
4,One-Euro Anchor,0.4,0.5,0.45,15,98.62530965860478,117.56415200873141
4,EgoAnchor,0.1,0.2,0.15000000000000002,22,52.681494696916964,75.85392690498075
4,EgoAnchor,0.2,0.3,0.25,28,65.06372517782589,85.75575033133025
4,EgoAnchor,0.3,0.4,0.35,49,86.79289456415394,93.89972812404093
4,EgoAnchor,0.4,0.5,0.45,15,87.549288346281,90.69423862868533
5,Arrival-Hold,0.1,0.2,0.15000000000000002,25,18.142432696261782,36.07907499191452
5,Arrival-Hold,0.3,0.4,0.35,30,48.1898563938036,65.41484141208237
5,Arrival-Hold,0.4,0.5,0.45,45,58.25029863955113,79.83413890266287
5,Arrival-Hold,0.5,0.6,0.55,27,69.03772220750432,87.86236896721675
5,Capture-Hold,0.1,0.2,0.15000000000000002,25,31.175844254689917,49.712045232144426
5,Capture-Hold,0.3,0.4,0.35,30,65.09270321382363,85.03339416111265
5,Capture-Hold,0.4,0.5,0.45,45,74.78603931072,98.7405205343068
5,Capture-Hold,0.5,0.6,0.55,27,91.97310022518994,113.66444151654778
5,One-Euro Anchor,0.1,0.2,0.15000000000000002,25,70.35253529138143,94.68171538653024
5,One-Euro Anchor,0.3,0.4,0.35,30,99.70326101267503,122.8996106745236
5,One-Euro Anchor,0.4,0.5,0.45,45,122.808055304828,145.299857621871
5,One-Euro Anchor,0.5,0.6,0.55,27,129.5088895832944,155.6091220437597
5,EgoAnchor,0.1,0.2,0.15000000000000002,25,44.422842179985985,76.12590643443829
5,EgoAnchor,0.3,0.4,0.35,30,86.12070701153556,94.0306290956417
5,EgoAnchor,0.4,0.5,0.45,45,101.59964642230052,119.21044865662671
5,EgoAnchor,0.5,0.6,0.55,27,112.45270480835212,120.08699092777677
6,Arrival-Hold,0.1,0.2,0.15000000000000002,16,22.342467383814107,37.44796887201396
6,Arrival-Hold,0.2,0.3,0.25,46,36.295635357984246,62.075648889311026
6,Arrival-Hold,0.3,0.4,0.35,39,50.018123695218264,71.88590638887621
6,Arrival-Hold,0.4,0.5,0.45,35,57.08010364540454,75.8288449103214
6,Capture-Hold,0.1,0.2,0.15000000000000002,16,22.49307266122131,52.091532849602224
6,Capture-Hold,0.2,0.3,0.25,46,59.1011692767843,85.52258089970903
6,Capture-Hold,0.3,0.4,0.35,39,72.69269793781959,97.9876041157979
6,Capture-Hold,0.4,0.5,0.45,35,82.33120115136576,107.74751638720097
6,One-Euro Anchor,0.1,0.2,0.15000000000000002,16,31.99349395448349,86.96027427003091
6,One-Euro Anchor,0.2,0.3,0.25,46,97.07916603106614,122.58184218384638
6,One-Euro Anchor,0.3,0.4,0.35,39,105.70910879916443,134.99989551759228
6,One-Euro Anchor,0.4,0.5,0.45,35,120.6852367751451,148.0261593743238
6,EgoAnchor,0.1,0.2,0.15000000000000002,16,23.924882536099453,64.42058321817547
6,EgoAnchor,0.2,0.3,0.25,46,77.70548390261803,101.29107891038129
6,EgoAnchor,0.3,0.4,0.35,39,93.11819067808409,107.1869817242846
6,EgoAnchor,0.4,0.5,0.45,35,108.21087027148162,113.62697259255633
7,Arrival-Hold,0.1,0.2,0.15000000000000002,17,20.238724712970726,30.573421319543606
7,Arrival-Hold,0.2,0.3,0.25,20,37.91137053351303,49.955780181223275
7,Arrival-Hold,0.3,0.4,0.35,32,50.579686230428706,74.85065709681375
7,Arrival-Hold,0.4,0.5,0.45,32,58.295229827013856,75.96042378126346
7,Arrival-Hold,0.5,0.6,0.55,41,61.44165851892285,77.33075279394919
7,Capture-Hold,0.1,0.2,0.15000000000000002,17,34.58726007487674,49.038842671941964
7,Capture-Hold,0.2,0.3,0.25,20,44.811672047377456,68.59219198842732
7,Capture-Hold,0.3,0.4,0.35,32,70.24157683108024,100.14184214127276
7,Capture-Hold,0.4,0.5,0.45,32,83.03292224097603,118.30940332088065
7,Capture-Hold,0.5,0.6,0.55,41,99.85904084264239,123.88680505411008
7,One-Euro Anchor,0.1,0.2,0.15000000000000002,17,72.69492337161627,93.50760920393495
7,One-Euro Anchor,0.2,0.3,0.25,20,56.00458479029585,116.76157758372776
7,One-Euro Anchor,0.3,0.4,0.35,32,105.7431516392272,145.00482092520522
7,One-Euro Anchor,0.4,0.5,0.45,32,132.8178268357238,165.8593937566223
7,One-Euro Anchor,0.5,0.6,0.55,41,144.68600366792222,174.43938607432625
7,EgoAnchor,0.1,0.2,0.15000000000000002,17,52.09061880145316,75.59926912251746
7,EgoAnchor,0.2,0.3,0.25,20,57.64233895298995,96.58597939028061
7,EgoAnchor,0.3,0.4,0.35,32,98.42130717405257,118.32667201279415
7,EgoAnchor,0.4,0.5,0.45,32,115.88402496192259,131.6474613498275
7,EgoAnchor,0.5,0.6,0.55,41,122.62131653443446,129.65171778334556
8,Arrival-Hold,0.1,0.2,0.15000000000000002,14,21.36983279020945,36.00227876769797
8,Arrival-Hold,0.2,0.3,0.25,27,37.842943611752936,55.0548656216055
8,Arrival-Hold,0.3,0.4,0.35,21,38.55100536828802,59.45662267100221
8,Arrival-Hold,0.4,0.5,0.45,44,52.4578377952813,79.68787252906826
8,Arrival-Hold,0.5,0.6,0.55,17,59.44348200978177,70.98769096003223
8,Capture-Hold,0.1,0.2,0.15000000000000002,14,43.066398002897465,54.94130273409295
8,Capture-Hold,0.2,0.3,0.25,27,49.8739134612345,90.473347925966
8,Capture-Hold,0.3,0.4,0.35,21,55.82467664660456,85.6073608415701
8,Capture-Hold,0.4,0.5,0.45,44,71.77598136380055,103.19128568886197
8,Capture-Hold,0.5,0.6,0.55,17,86.0219622099439,99.1532124038907
8,One-Euro Anchor,0.1,0.2,0.15000000000000002,14,80.56565734675425,97.65098388807779
8,One-Euro Anchor,0.2,0.3,0.25,27,57.077857451835584,135.63576031028597
8,One-Euro Anchor,0.3,0.4,0.35,21,100.25544799656402,132.69046457087032
8,One-Euro Anchor,0.4,0.5,0.45,44,102.78689946227271,143.79834172748824
8,One-Euro Anchor,0.5,0.6,0.55,17,124.84078199047721,138.40014458803742
8,EgoAnchor,0.1,0.2,0.15000000000000002,14,54.75160082972985,74.8732502881323
8,EgoAnchor,0.2,0.3,0.25,27,55.274768931183395,105.23935389037361
8,EgoAnchor,0.3,0.4,0.35,21,89.19476869820932,103.51951756548121
8,EgoAnchor,0.4,0.5,0.45,44,86.83138152167581,109.20064543964939
8,EgoAnchor,0.5,0.6,0.55,17,104.81458990635927,110.52596948304013
9,Arrival-Hold,0.1,0.2,0.15000000000000002,19,23.410452346917552,51.67959262592195
9,Arrival-Hold,0.2,0.3,0.25,24,48.55829542324993,72.00037075326105
9,Arrival-Hold,0.3,0.4,0.35,34,49.38916993569821,63.78373795553717
9,Arrival-Hold,0.4,0.5,0.45,18,48.95636293272801,64.73446265771842
9,Capture-Hold,0.1,0.2,0.15000000000000002,19,31.02544130461169,62.983130966802264
9,Capture-Hold,0.2,0.3,0.25,24,58.754359765182045,81.90188148718842
9,Capture-Hold,0.3,0.4,0.35,34,59.484058619475185,75.88379237249649
9,Capture-Hold,0.4,0.5,0.45,18,57.72301866081863,75.11714277295539
9,One-Euro Anchor,0.1,0.2,0.15000000000000002,19,64.79580268641705,103.23329231076292
9,One-Euro Anchor,0.2,0.3,0.25,24,95.83209464712407,113.86614094751178
9,One-Euro Anchor,0.3,0.4,0.35,34,88.0485089035572,114.67923936748535
9,One-Euro Anchor,0.4,0.5,0.45,18,83.55336380436859,100.50976573971784
9,EgoAnchor,0.1,0.2,0.15000000000000002,19,46.61446287768712,67.25044427420977
9,EgoAnchor,0.2,0.3,0.25,24,82.27321018698012,86.29297416334784
9,EgoAnchor,0.3,0.4,0.35,34,79.20161768136293,87.87339679855923
9,EgoAnchor,0.4,0.5,0.45,18,78.38135859141003,87.96308059723339
10,Arrival-Hold,0.1,0.2,0.15000000000000002,17,27.322151091103986,45.05186489061488
10,Arrival-Hold,0.2,0.3,0.25,33,26.84289140928941,41.529004591150425
10,Arrival-Hold,0.3,0.4,0.35,28,41.90282493789228,67.57675055125193
10,Arrival-Hold,0.4,0.5,0.45,34,48.46818404644077,74.96105847692893
10,Arrival-Hold,0.5,0.6,0.55,26,63.04183635341292,79.86459046972294
10,Capture-Hold,0.1,0.2,0.15000000000000002,17,46.81996138481905,78.33382939428421
10,Capture-Hold,0.2,0.3,0.25,33,38.76648168778858,70.45365480573645
10,Capture-Hold,0.3,0.4,0.35,28,57.59079158578348,94.20235566933519
10,Capture-Hold,0.4,0.5,0.45,34,74.49168160901726,112.10855397817102
10,Capture-Hold,0.5,0.6,0.55,26,90.32724953871846,110.03194378064732
10,One-Euro Anchor,0.1,0.2,0.15000000000000002,17,86.86312681534251,125.83426934280526
10,One-Euro Anchor,0.2,0.3,0.25,33,57.729855446530756,117.95282655295965
10,One-Euro Anchor,0.3,0.4,0.35,28,68.80059627112678,133.61989357095447
10,One-Euro Anchor,0.4,0.5,0.45,34,104.62155944263435,157.12566275568165
10,One-Euro Anchor,0.5,0.6,0.55,26,130.49375870153364,154.7422258089016
10,EgoAnchor,0.1,0.2,0.15000000000000002,17,54.772007580641734,84.60348280403012
10,EgoAnchor,0.2,0.3,0.25,33,47.57941812028636,96.14126080802696
10,EgoAnchor,0.3,0.4,0.35,28,60.034590414147196,112.79692832539767
10,EgoAnchor,0.4,0.5,0.45,34,94.84544404768346,118.35870811068993
10,EgoAnchor,0.5,0.6,0.55,26,112.41946576453189,117.56125210485722
11,Arrival-Hold,0.2,0.3,0.25,25,42.35850851936656,54.348795496171824
11,Arrival-Hold,0.3,0.4,0.35,33,47.80759763721362,69.93332963807516
11,Arrival-Hold,0.4,0.5,0.45,31,64.45722066215198,82.85058445532556
11,Capture-Hold,0.2,0.3,0.25,25,61.13148147323852,79.25013867362135
11,Capture-Hold,0.3,0.4,0.35,33,66.2015616672064,85.61330378308445
11,Capture-Hold,0.4,0.5,0.45,31,85.77543471511643,103.69140140517919
11,One-Euro Anchor,0.2,0.3,0.25,25,99.48413731755073,125.13531445343946
11,One-Euro Anchor,0.3,0.4,0.35,33,98.4680802665667,123.92697894377123
11,One-Euro Anchor,0.4,0.5,0.45,31,121.67035783499571,145.24253149019648
11,EgoAnchor,0.2,0.3,0.25,25,76.21604365702056,100.03995550843356
11,EgoAnchor,0.3,0.4,0.35,33,84.25039141825697,108.20760204176496
11,EgoAnchor,0.4,0.5,0.45,31,108.08902354312167,113.29436196635245
12,Arrival-Hold,0.1,0.2,0.15000000000000002,10,25.19484033170703,35.86998360215143
12,Arrival-Hold,0.2,0.3,0.25,29,32.73832406955345,48.958185590855045
12,Arrival-Hold,0.3,0.4,0.35,35,52.20927997239024,79.0996846283044
12,Arrival-Hold,0.4,0.5,0.45,19,63.33714600230147,80.07673567968821
12,Arrival-Hold,0.5,0.6,0.55,22,65.3538503102672,82.15091399740922
12,Capture-Hold,0.1,0.2,0.15000000000000002,10,40.745867966631394,49.716566647211536
12,Capture-Hold,0.2,0.3,0.25,29,46.183719822385726,68.47416719818612
12,Capture-Hold,0.3,0.4,0.35,35,73.52855670206759,107.53464278551185
12,Capture-Hold,0.4,0.5,0.45,19,91.5232163646449,110.33025311404472
12,Capture-Hold,0.5,0.6,0.55,22,92.82025460461611,106.37047428276117
12,One-Euro Anchor,0.1,0.2,0.15000000000000002,10,78.29664617018065,86.01040241971411
12,One-Euro Anchor,0.2,0.3,0.25,29,74.96207946793353,113.93794008500579
12,One-Euro Anchor,0.3,0.4,0.35,35,107.32527629619688,154.16452426089722
12,One-Euro Anchor,0.4,0.5,0.45,19,137.13373587695935,155.71358995843056
12,One-Euro Anchor,0.5,0.6,0.55,22,129.3634991412846,149.1757476761987
12,EgoAnchor,0.1,0.2,0.15000000000000002,10,56.06459921898145,64.8922160662638
12,EgoAnchor,0.2,0.3,0.25,29,55.24050044150277,96.01446031910498
12,EgoAnchor,0.3,0.4,0.35,35,99.76180241469919,115.06798437778333
12,EgoAnchor,0.4,0.5,0.45,19,116.7518246683457,122.40312152460015
12,EgoAnchor,0.5,0.6,0.55,22,120.01261555925356,124.64644549306249
13,Arrival-Hold,0.1,0.2,0.15000000000000002,28,19.236902884942896,30.21820238231225
13,Arrival-Hold,0.2,0.3,0.25,32,31.846140629064564,63.05022565074509
13,Arrival-Hold,0.3,0.4,0.35,29,51.57110104792903,85.6997678576826
13,Arrival-Hold,0.4,0.5,0.45,24,57.25735189093078,86.94658226438273
13,Capture-Hold,0.1,0.2,0.15000000000000002,28,29.38905651455144,43.14289052373149
13,Capture-Hold,0.2,0.3,0.25,32,41.689418742095704,76.92866288647639
13,Capture-Hold,0.3,0.4,0.35,29,64.39780475685485,95.40246957867342
13,Capture-Hold,0.4,0.5,0.45,24,65.46085678371642,99.50655663693603
13,One-Euro Anchor,0.1,0.2,0.15000000000000002,28,61.78863171885425,80.64316236790003
13,One-Euro Anchor,0.2,0.3,0.25,32,81.01922011959239,125.08948154549337
13,One-Euro Anchor,0.3,0.4,0.35,29,108.0103044284233,130.99420304563543
13,One-Euro Anchor,0.4,0.5,0.45,24,97.29191059143406,141.803225319563
13,EgoAnchor,0.1,0.2,0.15000000000000002,28,43.68035455997173,58.52248815219697
13,EgoAnchor,0.2,0.3,0.25,32,63.05053212646313,88.14379598706354
13,EgoAnchor,0.3,0.4,0.35,29,92.97758790707388,106.23741355557662
13,EgoAnchor,0.4,0.5,0.45,24,91.66556706009118,108.94402171022723
14,Arrival-Hold,0.2,0.3,0.25,28,39.977104649720914,64.97658506075012
14,Arrival-Hold,0.3,0.4,0.35,29,67.09383300496773,91.76345108898248
14,Arrival-Hold,0.4,0.5,0.45,12,72.50261946861968,93.14350497535582
14,Arrival-Hold,0.5,0.6,0.55,23,65.0737229374654,79.73023223824526
14,Capture-Hold,0.2,0.3,0.25,28,67.3647278550362,91.58109855441224
14,Capture-Hold,0.3,0.4,0.35,29,95.57022907889998,124.34864882557076
14,Capture-Hold,0.4,0.5,0.45,12,93.28568970235888,112.2295677996651
14,Capture-Hold,0.5,0.6,0.55,23,84.21963082469671,104.00486887916833
14,One-Euro Anchor,0.2,0.3,0.25,28,117.21235222690584,145.6899923105305
14,One-Euro Anchor,0.3,0.4,0.35,29,146.93829763567834,174.39591245976146
14,One-Euro Anchor,0.4,0.5,0.45,12,138.71717535856848,156.36397593382574
14,One-Euro Anchor,0.5,0.6,0.55,23,105.7307776974391,132.43151557410062
14,EgoAnchor,0.2,0.3,0.25,28,90.2136577466191,111.83318680248881
14,EgoAnchor,0.3,0.4,0.35,29,129.97598596658537,137.0541245457889
14,EgoAnchor,0.4,0.5,0.45,12,126.10803209433219,128.15119469212505
14,EgoAnchor,0.5,0.6,0.55,23,102.44128844164281,123.07307875232284
15,Arrival-Hold,0.1,0.2,0.15000000000000002,19,25.998964998055246,47.001595265309376
15,Arrival-Hold,0.2,0.3,0.25,32,34.17505814707493,60.90686508191469
15,Arrival-Hold,0.3,0.4,0.35,23,47.14436151292295,70.50471891430887
15,Arrival-Hold,0.4,0.5,0.45,47,53.783992140846635,72.17955832413814
15,Arrival-Hold,0.5,0.6,0.55,12,64.29427406556233,77.74229443673673
15,Capture-Hold,0.1,0.2,0.15000000000000002,19,43.42467815414766,63.57278759364141
15,Capture-Hold,0.2,0.3,0.25,32,49.589657283765604,81.81584398310291
15,Capture-Hold,0.3,0.4,0.35,23,72.84738978276826,91.90299337157683
15,Capture-Hold,0.4,0.5,0.45,47,78.1821015594756,101.583178505945
15,Capture-Hold,0.5,0.6,0.55,12,92.66870757465537,109.19590627401602
15,One-Euro Anchor,0.1,0.2,0.15000000000000002,19,83.18981019900257,102.34318680962718
15,One-Euro Anchor,0.2,0.3,0.25,32,87.05272709813664,127.12815865955312
15,One-Euro Anchor,0.3,0.4,0.35,23,112.08135607606972,127.4355777535826
15,One-Euro Anchor,0.4,0.5,0.45,47,112.08967750727014,145.79606898253294
15,One-Euro Anchor,0.5,0.6,0.55,12,134.83252435685222,149.51720186690673
15,EgoAnchor,0.1,0.2,0.15000000000000002,19,65.01184831442724,72.93661210661296
15,EgoAnchor,0.2,0.3,0.25,32,73.84687307867262,101.86421583926831
15,EgoAnchor,0.3,0.4,0.35,23,95.21919990559078,102.86235347514791
15,EgoAnchor,0.4,0.5,0.45,47,99.07005773466251,114.92398500377399
15,EgoAnchor,0.5,0.6,0.55,12,109.80534093064603,115.19852424735569
16,Arrival-Hold,0.2,0.3,0.25,25,31.90242699255738,57.122700058548766
16,Arrival-Hold,0.3,0.4,0.35,21,45.7615610956331,75.85144033790753
16,Arrival-Hold,0.4,0.5,0.45,20,61.06412348201939,100.69841006734954
16,Arrival-Hold,0.5,0.6,0.55,39,79.67947759171292,98.60573448065912
16,Capture-Hold,0.2,0.3,0.25,25,45.20271588064837,79.48218853683814
16,Capture-Hold,0.3,0.4,0.35,21,64.01947034837688,93.45449871391051
16,Capture-Hold,0.4,0.5,0.45,20,71.70697079301357,120.76975013842757
16,Capture-Hold,0.5,0.6,0.55,39,94.06710583750122,117.46975847190566
16,One-Euro Anchor,0.2,0.3,0.25,25,90.02644486502341,134.50363133072153
16,One-Euro Anchor,0.3,0.4,0.35,21,114.02934509224505,153.36826684272773
16,One-Euro Anchor,0.4,0.5,0.45,20,114.58296335183769,178.30081766384524
16,One-Euro Anchor,0.5,0.6,0.55,39,131.86219781560615,166.90856706991644
16,EgoAnchor,0.2,0.3,0.25,25,66.03303906227495,100.54041004398404
16,EgoAnchor,0.3,0.4,0.35,21,77.90578077977223,111.86696857519344
16,EgoAnchor,0.4,0.5,0.45,20,94.83792760177425,126.66503217144567
16,EgoAnchor,0.5,0.6,0.55,39,125.6843465751789,137.39428784676045
17,Arrival-Hold,0.1,0.2,0.15000000000000002,22,22.15281700210069,35.171777464519884
17,Arrival-Hold,0.2,0.3,0.25,64,44.50627213635971,63.82132493217613
17,Arrival-Hold,0.3,0.4,0.35,40,46.28776086826609,59.537147912595536
17,Capture-Hold,0.1,0.2,0.15000000000000002,22,22.876663172644726,45.364709071779224
17,Capture-Hold,0.2,0.3,0.25,64,56.077697741991145,75.15470808259899
17,Capture-Hold,0.3,0.4,0.35,40,57.0418395380341,69.93608200250566
17,One-Euro Anchor,0.1,0.2,0.15000000000000002,22,38.90043655858337,80.12759740612834
17,One-Euro Anchor,0.2,0.3,0.25,64,86.60955037183115,106.01909425801952
17,One-Euro Anchor,0.3,0.4,0.35,40,80.46039056857839,101.45830612565915
17,EgoAnchor,0.1,0.2,0.15000000000000002,22,25.286316594485115,67.78266209912518
17,EgoAnchor,0.2,0.3,0.25,64,74.11597908491092,81.07306464965849
17,EgoAnchor,0.3,0.4,0.35,40,72.07480377571687,80.77735214495407
