variant,phase,phase_index,n_frames,duration_s,head_linear_speed_median_m_s,head_linear_speed_p95_m_s,head_angular_speed_median_deg_s,head_angular_speed_p95_deg_s,translation_median_mm,translation_p95_mm,rotation_median_deg,rotation_p95_deg,hp_translation_rms_mm,hp_translation_p95_mm,hp_rotation_rms_deg,hp_rotation_p95_deg,translation_jump_p99_mm,rotation_jump_p99_deg,update_rate_hz,hold_ratio_pct,static_lock_uptime_pct,display_coverage_pct,observation_lag_median_ms,output_target_lag_median_ms
Arrival-Hold,Baseline / low head motion,0,1035,15.927860800002236,0.0070867615889118,0.017061404498825223,3.1585258812830133,8.353790999093397,5.892079107736968,9.08032034466808,3.281902073931858,4.247706238418832,1.9658061201858033,4.074305851583905,0.9337527967497734,1.6635707878342396,4.995425659044226,1.8931505351592628,9.668592784285156,85.1207729468599,0.0,100.0,216.61489999678452,47.784099995624274
Capture-Hold,Baseline / low head motion,0,1035,15.927860800002236,0.0070867615889118,0.017061404498825223,3.1585258812830133,8.353790999093397,5.040691422478519,7.663696751500197,3.3502378715181207,4.171517294321498,0.6809015007884536,1.1170469389138087,0.9160615685116162,1.6172109279308695,1.3273342427927703,1.9485414303667679,9.668592784285156,85.1207729468599,0.0,100.0,216.61489999678452,216.61489999678452
EgoAnchor,Baseline / low head motion,0,1035,15.927860800002236,0.0070867615889118,0.017061404498825223,3.1585258812830133,8.353790999093397,5.982933756350936,7.155202365780891,3.4086561851201997,3.680874778401625,0.009910476370968207,0.02083400000002511,0.01830736362924592,0.03518596837676062,0.06904034267228881,0.04668406698455262,9.668592784285156,85.1207729468599,100.0,100.0,216.61489999678452,
EgoAnchor w/o StaticLock,Baseline / low head motion,0,1035,15.927860800002236,0.0070867615889118,0.017061404498825223,3.1585258812830133,8.353790999093397,5.022552112113854,7.695453086117539,3.29766236706682,4.086568046403446,0.5368458505760193,0.93371643138474,0.7420325362800589,1.343091080382508,0.6037079672619401,0.596598282418379,64.91769440877175,0.0966183574879227,0.0,100.0,216.61489999678452,282.575192861259
EgoAnchor w/o VCD,Baseline / low head motion,0,1035,15.927860800002236,0.0070867615889118,0.017061404498825223,3.1585258812830133,8.353790999093397,5.982933756350936,7.155202365780891,3.4086561851201997,3.680874778401625,0.009910476370968207,0.02083400000002511,0.018307282143203794,0.03518596837676062,0.06904034267228881,0.04668406698455262,9.668592784285156,85.1207729468599,100.0,100.0,216.61489999678452,
EgoAnchor w/o capture-time alignment,Baseline / low head motion,0,1035,15.927860800002236,0.0070867615889118,0.017061404498825223,3.1585258812830133,8.353790999093397,6.472822594798954,7.252394081364869,3.2843181325508035,3.693807307329355,0.049648193530015775,0.10913377873824193,0.019064166786670795,0.039843537692298106,0.13323127232377685,0.04752454955826167,9.668592784285156,85.1207729468599,100.0,100.0,216.61489999678452,
EgoAnchor w/o temporal synthesis,Baseline / low head motion,0,1035,15.927860800002236,0.0070867615889118,0.017061404498825223,3.1585258812830133,8.353790999093397,5.982626293604293,7.154882974856147,3.4033759649862207,3.6803404277487397,0.00995790577839361,0.020800000000043006,0.018474841504112282,0.03429333784679476,0.06901764556915231,0.047029536703148286,9.668592784285156,85.1207729468599,100.0,100.0,216.61489999678452,
One-Euro Anchor,Baseline / low head motion,0,1035,15.927860800002236,0.0070867615889118,0.017061404498825223,3.1585258812830133,8.353790999093397,4.954260519036389,7.782278995336417,3.3275972641785367,3.748835188186597,0.22574438082696596,0.40865868551670187,0.362156771740297,0.7088735961136404,0.5137148521140515,0.6664537749617815,9.668592784285156,85.1207729468599,0.0,100.0,216.61489999678452,216.61489999678452
Arrival-Hold,Head rotation A,1,988,15.80851149999944,0.025917553357653,0.06132271634487787,13.296446457035396,34.08070966726421,11.956629905299115,33.599648605837345,3.1718854842672903,7.8285719634327275,8.059874197593501,18.900720046219796,1.5684860457565086,3.1467220159847877,17.85280500684769,3.6165166821669037,9.678330562621625,84.51417004048582,0.0,100.0,216.71174999937648,42.73855000064941
Capture-Hold,Head rotation A,1,988,15.80851149999944,0.025917553357653,0.06132271634487787,13.296446457035396,34.08070966726421,5.1828643988105085,10.052475153085574,3.06968173496713,6.521281320763108,5.1476891561931035,6.740248671539656,1.4775186963873461,2.822588576999396,11.602535280521938,3.3148379938130277,9.678330562621625,84.51417004048582,0.0,100.0,216.71174999937648,216.71174999937648
EgoAnchor,Head rotation A,1,988,15.80851149999944,0.025917553357653,0.06132271634487787,13.296446457035396,34.08070966726421,3.688212567319855,6.460055436376781,2.887061370272102,3.503351879819651,1.7132491352789778,2.0190415265456965,0.8947271395641972,1.850976560942736,1.8903840479601193,0.766285426133294,15.181695000190784,75.7085020242915,88.46153846153845,100.0,216.71174999937648,276.5904841471638
EgoAnchor w/o StaticLock,Head rotation A,1,988,15.80851149999944,0.025917553357653,0.06132271634487787,13.296446457035396,34.08070966726421,5.008727755291428,9.795146129288607,2.9433708854185534,6.179985819177805,4.19900201803294,5.290018416815165,1.2049822555698588,2.4140176869270715,6.2861466604968745,1.31266415808999,62.49797775078539,0.0,0.0,100.0,216.71174999937648,285.0030220761255
EgoAnchor w/o VCD,Head rotation A,1,988,15.80851149999944,0.025917553357653,0.06132271634487787,13.296446457035396,34.08070966726421,3.688204668280754,6.460052098154103,2.887061370272102,3.5033420320038746,1.7132388280569306,2.0189900971979196,0.8947240873325613,1.8509429696322957,1.8911498789964856,0.766297034633638,15.181695000190784,75.7085020242915,88.46153846153845,100.0,216.71174999937648,276.592452541081
EgoAnchor w/o capture-time alignment,Head rotation A,1,988,15.80851149999944,0.025917553357653,0.06132271634487787,13.296446457035396,34.08070966726421,5.106394351349193,31.55222748774338,3.693357051825396,5.111233714950088,6.512321986682636,10.46658225032262,0.7236871692583577,1.7936664783736052,5.8409230086603605,0.792008156206181,22.076714812777432,64.67611336032388,71.65991902834008,100.0,216.71174999937648,250.024900000426
EgoAnchor w/o temporal synthesis,Head rotation A,1,988,15.80851149999944,0.025917553357653,0.06132271634487787,13.296446457035396,34.08070966726421,3.683950754586862,5.02272728262294,2.886479678004313,3.5445034132276088,1.8348350391634523,2.677841553641929,0.916508542019666,1.761860618324894,2.953286223690456,1.0538492847696745,11.639299500146267,81.37651821862349,88.46153846153845,100.0,216.71174999937648,215.7866500019736
One-Euro Anchor,Head rotation A,1,988,15.80851149999944,0.025917553357653,0.06132271634487787,13.296446457035396,34.08070966726421,4.770834984740273,9.121869916051907,2.910812767291267,5.417854836304892,2.229002493164264,3.4554249051484103,0.6625866205265344,1.4040368779319163,3.5422500482553003,1.2465957940430705,9.678330562621625,84.51417004048582,0.0,100.0,216.71174999937648,216.71174999937648
Arrival-Hold,Head rotation B,2,1120,17.45030759999645,0.02456360535520585,0.056459442725209,11.62146689956998,27.087559309227007,9.48392239950685,27.769686005632845,2.975547712121603,5.559970041191624,4.956966059947273,10.263603175886853,1.0307631867627454,2.0361119825325544,10.884763329414481,2.1590058573568705,9.684643037469115,84.91071428571428,0.0,100.0,223.04435000114609,43.100549999508075
Capture-Hold,Head rotation B,2,1120,17.45030759999645,0.02456360535520585,0.056459442725209,11.62146689956998,27.087559309227007,4.3649082192332775,6.936400010806706,2.7627688298583912,4.242032392645175,1.5425539681167535,2.835939480845378,0.9569203213067129,1.7695242498848995,4.186798517126531,1.925553820715585,9.684643037469115,84.91071428571428,0.0,100.0,223.04435000114609,223.04435000114609
EgoAnchor,Head rotation B,2,1120,17.45030759999645,0.02456360535520585,0.056459442725209,11.62146689956998,27.087559309227007,2.3326785439579365,2.79387454405061,2.6296173814177974,2.974718974765876,0.05072640406977199,0.1180170000000258,0.01734801245517225,0.03759422196153528,0.1548780249552477,0.05348254800169312,9.684643037469115,84.91071428571428,100.0,100.0,223.04435000114609,
EgoAnchor w/o StaticLock,Head rotation B,2,1120,17.45030759999645,0.02456360535520585,0.056459442725209,11.62146689956998,27.087559309227007,4.333896195701541,6.872211482185024,2.7890778498373257,4.073156651433618,1.1666359013348333,1.9124926323481979,0.7918407655940481,1.460893362972059,1.5374008746557495,0.6101779276970002,64.18224971577165,0.0,0.0,100.0,223.04435000114609,291.0151581527316
EgoAnchor w/o VCD,Head rotation B,2,1120,17.45030759999645,0.02456360535520585,0.056459442725209,11.62146689956998,27.087559309227007,2.3326785439579365,2.7938717713825025,2.6296331281465086,2.9747172562164885,0.05072639926186253,0.1180170000000258,0.017347905090219166,0.037595297562836374,0.15487790007825564,0.05348332808067569,9.684643037469115,84.91071428571428,100.0,100.0,223.04435000114609,
EgoAnchor w/o capture-time alignment,Head rotation B,2,1120,17.45030759999645,0.02456360535520585,0.056459442725209,11.62146689956998,27.087559309227007,4.1708015450395175,13.042149931954972,2.9781373548112917,3.5221489070111707,4.361957238624599,1.2973460332664752,0.43074313290182953,0.8060144835893281,3.2655068193445924,0.41104264422763975,15.071367567185664,76.51785714285714,83.75,100.0,223.04435000114609,250.02555000173743
EgoAnchor w/o temporal synthesis,Head rotation B,2,1120,17.45030759999645,0.02456360535520585,0.056459442725209,11.62146689956998,27.087559309227007,2.3400805371054028,2.779854963445584,2.644503627698766,2.998796416687836,0.05037704974675092,0.11560300000001966,0.017252983384582497,0.03809374835221642,0.15424440560354402,0.05297620676600182,9.684643037469115,84.91071428571428,100.0,100.0,223.04435000114609,
One-Euro Anchor,Head rotation B,2,1120,17.45030759999645,0.02456360535520585,0.056459442725209,11.62146689956998,27.087559309227007,3.8950332640662735,6.30712385934321,2.7979467179800177,3.7613385187317374,0.6572814841761143,1.3676315785766284,0.4122261970536152,0.7808257461906075,1.7672114043002096,0.894026857799012,9.684643037469115,84.91071428571428,0.0,100.0,223.04435000114609,223.04435000114609
Arrival-Hold,Head translation A,3,1294,19.871057999996992,0.0670751822018825,0.1323530776316344,3.946183786918502,8.310730465093004,8.514007930469463,16.53965049599361,2.6495458927082,4.118632448822828,3.975724313138138,7.150018385044049,1.135012586720363,2.085825649797397,10.329019287602435,2.422738336399684,9.712618220933642,85.08500772797527,0.0,100.0,216.44240000023274,48.68380000334582
Capture-Hold,Head translation A,3,1294,19.871057999996992,0.0670751822018825,0.1323530776316344,3.946183786918502,8.310730465093004,4.0496914721510535,8.821429824936237,2.6869690612614914,4.072340906644294,3.5140863981552233,2.5013258508240814,1.1239365051419237,2.0269728480428375,9.758856059010096,2.3989861678471325,9.712618220933642,85.08500772797527,0.0,100.0,216.44240000023274,216.44240000023274
EgoAnchor,Head translation A,3,1294,19.871057999996992,0.0670751822018825,0.1323530776316344,3.946183786918502,8.310730465093004,2.801479306630504,3.496730951704157,2.5615768404977777,2.735692291669169,0.0252495212064297,0.05420287528352143,0.01663201024440324,0.032214612021229674,0.13839208553139193,0.04671119009433556,9.310022647008932,85.7032457496136,100.0,100.0,216.44240000023274,
EgoAnchor w/o StaticLock,Head translation A,3,1294,19.871057999996992,0.0670751822018825,0.1323530776316344,3.946183786918502,8.310730465093004,3.834194876555744,8.925745030220865,2.6521115727905187,3.9445979452249946,2.915236680280207,2.9076594863950334,0.9296387652116862,1.7398337109503619,4.561372934521973,0.7554787092807553,65.11983408232193,0.0,0.0,100.0,216.44240000023274,281.47663369600195
EgoAnchor w/o VCD,Head translation A,3,1294,19.871057999996992,0.0670751822018825,0.1323530776316344,3.946183786918502,8.310730465093004,2.801479306630504,3.496730951704157,2.561585132214414,2.735697715730709,0.0252495212064297,0.05420287528352143,0.016632304904478507,0.032214679999379436,0.13839208553139193,0.04671125999524656,9.310022647008932,85.7032457496136,100.0,100.0,216.44240000023274,
EgoAnchor w/o capture-time alignment,Head translation A,3,1294,19.871057999996992,0.0670751822018825,0.1323530776316344,3.946183786918502,8.310730465093004,3.3271224345669976,4.417747489290183,2.627909352736453,3.007845973275241,0.06647961276181581,0.14962781813442633,0.015833053318703702,0.031066303507912434,0.2219007274108074,0.03905784307265813,8.1022359252348,87.5579598145286,100.0,100.0,216.44240000023274,
EgoAnchor w/o temporal synthesis,Head translation A,3,1294,19.871057999996992,0.0670751822018825,0.1323530776316344,3.946183786918502,8.310730465093004,2.8017634971642296,3.4968080977178473,2.5624866357095226,2.7379533584771254,0.025251497008702575,0.05418255472244418,0.016660860659822384,0.032208840193797196,0.13836156243649464,0.046716490172174885,9.310022647008932,85.7032457496136,100.0,100.0,216.44240000023274,
One-Euro Anchor,Head translation A,3,1294,19.871057999996992,0.0670751822018825,0.1323530776316344,3.946183786918502,8.310730465093004,3.666665049612234,8.54397055077234,2.5999162339864776,3.5439362704339286,1.3624852570616055,2.8113528744149234,0.4798816071555152,0.931062981493358,2.65138750686236,0.8794605150666088,9.712618220933642,85.08500772797527,0.0,100.0,216.44240000023274,216.44240000023274
Arrival-Hold,Head translation B,4,1297,20.17162780000217,0.0588100919764537,0.1289810749092709,4.364836982499911,8.638357394314122,7.7221030523758705,16.70448425213161,2.589333478153092,4.13240336790525,2.799351757738964,6.188491644314228,0.8893055098110566,1.657207966038126,6.189170291619473,1.9771735146468845,9.617468749843734,85.04240555127217,0.0,100.0,216.46899999905145,48.66380000021309
Capture-Hold,Head translation B,4,1297,20.17162780000217,0.0588100919764537,0.1289810749092709,4.364836982499911,8.638357394314122,4.237233013473971,8.325443131242102,2.482803023220458,3.8558937715969424,0.9225243302304807,2.034887866901338,0.8615866825238607,1.5493524844305668,3.0822481322373,1.979327205651672,9.617468749843734,85.04240555127217,0.0,100.0,216.46899999905145,216.46899999905145
EgoAnchor,Head translation B,4,1297,20.17162780000217,0.0588100919764537,0.1289810749092709,4.364836982499911,8.638357394314122,3.220359187487808,3.8615412850934416,2.331507104859773,2.5451917170143643,0.027063094440131295,0.06816408266088535,0.014892765381208808,0.03289681188121564,0.1509361905648819,0.046040281612524,9.617468749843734,85.04240555127217,100.0,100.0,216.46899999905145,
EgoAnchor w/o StaticLock,Head translation B,4,1297,20.17162780000217,0.0588100919764537,0.1289810749092709,4.364836982499911,8.638357394314122,4.292855033114795,8.333842020996153,2.4872543907937232,3.805858328982486,0.7192634647980061,1.516585667634276,0.7088861500645703,1.2497086868158562,1.0032306102709496,0.6745013799580469,64.29823179663569,0.0,0.0,100.0,216.46899999905145,281.29178874223726
EgoAnchor w/o VCD,Head translation B,4,1297,20.17162780000217,0.0588100919764537,0.1289810749092709,4.364836982499911,8.638357394314122,3.220359187487808,3.8615412850934416,2.3315116341241344,2.5452027198590694,0.027063094440131295,0.06816408266088535,0.014892652141188472,0.032898712976931206,0.1509361905648819,0.04604429732927122,9.617468749843734,85.04240555127217,100.0,100.0,216.46899999905145,
EgoAnchor w/o capture-time alignment,Head translation B,4,1297,20.17162780000217,0.0588100919764537,0.1289810749092709,4.364836982499911,8.638357394314122,3.0685710903901904,3.5004697427778484,2.383910094928567,2.5921300108452776,0.07041474929976192,0.17653775663794827,0.013864568754964708,0.033786026708472236,0.20613993388448218,0.03900600101821242,7.337038015344705,88.58905165767155,100.0,100.0,216.46899999905145,
EgoAnchor w/o temporal synthesis,Head translation B,4,1297,20.17162780000217,0.0588100919764537,0.1289810749092709,4.364836982499911,8.638357394314122,3.2203595778425593,3.861541340676802,2.33150635311703,2.5451969774382466,0.027062794309706477,0.06816506113835913,0.014893042972772757,0.03289665730827425,0.15094061368576847,0.046043803966903184,9.617468749843734,85.04240555127217,100.0,100.0,216.46899999905145,
One-Euro Anchor,Head translation B,4,1297,20.17162780000217,0.0588100919764537,0.1289810749092709,4.364836982499911,8.638357394314122,4.203271700989754,8.00154288166211,2.4351616209626,3.637899189914142,0.36395557843569276,0.8897491997191344,0.3492004180501478,0.6652605923429645,1.4839257018186376,0.6795133885254404,9.617468749843734,85.04240555127217,0.0,100.0,216.46899999905145,216.46899999905145
